park_num,site_name,physical,visual,haptic,component_sum,physical_share,visual_share,haptic_share,ternary_x,ternary_y
2,Drummond Walk Dog off leash trail,0.06534324839915794,0.8455282390624564,0.8282125227446766,1.739084010206291,0.037573370818012916,0.48619171592645455,0.4762349132555325,0.7243091725542208,0.41243153304836966
6,Burnaby Fraser Foreshore Park,0.2868937209226006,0.1727387037712925,0.7343905539559858,1.1940229786498788,0.24027487414605775,0.14466949703649243,0.6150556288174499,0.45219731144521735,0.5326537992965238
7,Deer lake (lakefront),0.429530343701808,0.994904881277802,0.7078283788047999,2.13226360378441,0.20144335950745662,0.46659563081788424,0.331961009674659,0.6325761356552138,0.2874866674441865
8,Burnaby Lake,0.25524190997359913,0.9712974466865992,1,2.226539356660198,0.11463615462717945,0.43623637003369314,0.44912747533912756,0.6608001077032569,0.38895580318125345
10,Kings Mill Walk Park,0.04167570523649491,0.3838644196125591,0.8075957497217395,1.2331358745707934,0.03379652323471702,0.31129125956713194,0.6549122171981512,0.6387473681662075,0.5671706173423908
11,Waterfront Park,0.7108818688777763,0.24718921839253677,0.6523851771088006,1.6104562643791138,0.4414164386835091,0.15349017782102684,0.4050933834954639,0.3560368695687588,0.35082116101206356
12,Lynnmouth Park (riverfront),0.5043922487630466,0.23778137184615797,0.3596503467159861,1.1018239673251906,0.45777934018581845,0.21580704259265723,0.32641361722152434,0.3790138512034194,0.2826824846550098
13,Spanish Banks Beach Park and Extension,0.1541533772850595,0.8668715258411281,0.7799491135514729,1.8009740166776607,0.08559444825830043,0.48133483204843,0.43307071969326955,0.6978701918950647,0.37505024488958116
14,Locarno Beach Park,0.2102579913998797,0.8507385951553779,0.7684614060124404,1.829457992567698,0.1149291168499455,0.46502220800453653,0.42004867514551797,0.6750465455772955,0.3637728235020157
15,Jericho Beach Park,0.26809951227319706,0.9090480181924928,0.6993678287176613,1.876515359183351,0.14287093945762985,0.48443409415423355,0.37269496638813676,0.6707815773483019,0.32276330875471393
16,Kitsilano Beach Park,0.37323934478874526,0.909775933934774,0.7442936137819245,2.0273088925054434,0.18410580951355596,0.44876039231023657,0.3671337981762076,0.6323272913983404,0.3179471958084648
17,Sunset Beach Park,0.8074457318480148,0.4926248849324661,0.3404925148179815,1.6405631315984626,0.4921759585449723,0.3002779200898432,0.20754612136518438,0.4040509807724354,0.1797402135591779
18,English Bay Beach Park,0.7033757179499104,0.8224692441534524,0.7334982214351163,2.259343183538479,0.31131867131770385,0.3640302412426513,0.3246510874396449,0.5263557849624738,0.28115608908897555
21,John Hendry (Trout Lake) Park,0.525616693620206,0.9957585720577378,0.6052863360907611,2.126661601768705,0.24715577371738898,0.4682261490166484,0.2846180772659626,0.6105351876496297,0.2464864852886058
22,Don Roberts Park,0.14380939236779308,0.02929494707122,0.3195665390570652,0.49267087849607827,0.29189748906366064,0.05946149518852309,0.6486410157478164,0.38378200306243127,0.5617395975741512
24,Maquabeak Park,0.2105235500709274,9.0119552239862e-4,0.332030225411134,0.54345497100446,0.3873799326590384,0.0016582708236764366,0.6109617965172851,0.307139169082319,0.5291084365257478
25,Coquitlam River Park,0.5355787484947355,0.02517318117251796,0.3539909548591147,0.9147428845263682,0.5854964903848859,0.027519406380025604,0.3869841032350885,0.22101145799756983,0.33513806426232634
26,Captain's Cove Park,0.3472112347725191,0.1901267643171808,0.8103714479623837,1.3477094470520836,0.2576306306466818,0.1410740013235458,0.6012953680297725,0.44172168533843204,0.5207370638916963
31,Fred Gingell Park,0.18528942413248853,0.9274596394210974,0.24357295806302048,1.3563220216166063,0.13661167567834756,0.6838048963590919,0.1795834279625607,0.7735966103403723,0.15552381071427027
32,Panorama Park,0.3345398334225379,0.36100629616022367,0.25961628667287384,0.9551624162556355,0.35024392472850724,0.37795278584705694,0.2718032894244357,0.5138544305592748,0.23538855347373558
33,Lowry Lane Waterfront Park,0.1454611727436197,0.4097418739805615,0.1491030841865155,0.7043061309106967,0.20653117495304554,0.5817667289801218,0.2117020960668326,0.6876177770135381,0.1833393932282907
35,Deep Cove’s Parkside Beach,0.30607499188113657,0.28145191270613407,0.5705164247843884,1.158043329371659,0.26430357493377155,0.24304091700856015,0.4926555080576683,0.4893686710373943,0.4266521852922699
36,Seylynn Park,0.5866389502175228,0.07283055175947716,0.6934627986085515,1.3529323005855516,0.43360554697646314,0.05383163054644786,0.5125628224770888,0.31011304178499227,0.4438924253006124
37,Cates Park,0.20057172103651183,0.611667233034469,0.7688993504339624,1.5811383045049432,0.12685273670560474,0.3868524538882656,0.4862948094061297,0.6299998585913305,0.42114365867422004
38,Harbourview Park (riverfront),0.137010410207081,0.20238943926572683,0.7587802408138519,1.0981800902866596,0.12476133142362557,0.18429530917182882,0.6909433594045457,0.5297669888741017,0.5983745018204981
39,Bridgman Park,0.4622330197804744,0.13291859942219458,0.6713937329370462,1.266545352139715,0.36495575859133117,0.10494578752955076,0.5300984538791181,0.3699950144691098,0.4590787275661699
40,Brookswood Pond,0.10027715401381608,0.09711835856889382,0.5912688139208432,0.7886643265035531,0.1271480789024433,0.12314283188065092,0.7497090892169057,0.4979973764891038,0.6492671167099344
42,Emmeline Mohun Park (riverfro,0.10167503534989344,0.11702113583433164,0.02710366365618154,0.24579983484040663,0.41364973013879036,0.47608305314896304,0.1102672167122466,0.5312166615050864,0.09549421087740956
43,Port Haney Wharf,0.3962594970916558,0.08257704590952554,0.2085717843136602,0.6874083273148415,0.576454315936973,0.12012808490710099,0.3034175991559261,0.27183688448506405,0.26276734882431585
44,"Pacific Spirit Regional Park (Acadia, Tower, and Wreck Beaches combined)",0.06125520405562323,0.8804355879191825,0.8135178943429806,1.7552086863177863,0.03489910033668371,0.5016130530701902,0.46348784659312614,0.7333569763667533,0.401392249494992
46,Pitt River Regional Greenway at Harris Rd & fraser Way,0.03682300886848759,0.32729769981523127,0.7538027355926294,1.1179234442763484,0.03293875717252157,0.29277290989017307,0.6742883329373053,0.6299170763588258,0.5839508257991658
49,Kanaka Creek Regional Park (riverfront) 1,0.36614613543018126,0.7213964349303852,0.9128061187155476,2.000348689076114,0.1830411554893914,0.360635342662969,0.4563235018476396,0.5887970935867888,0.3951877449439311
50,Sapperton Landing Park,0.461924514039688,0.6281889561523821,0.7541882045490659,1.844301674741136,0.2504603885394851,0.3406107388806411,0.4089288725798738,0.545075175170578,0.35414279199510046
53,Quayside Park,0.31732854014657697,0.33732903544335974,0.28807650329887075,0.9427340788888074,0.33660450730773345,0.357819922921389,0.3055755697708775,0.5106077078068277,0.26463620619748407
54,Waterfront Esplanade and Park,0.3872308255446934,0.4232628440129343,0.7889036860416687,1.5993973555992964,0.2421104575351742,0.26463895449816915,0.4932505879666566,0.5112642484814974,0.42716753961073556
55,Westminster Pier Park,0.4720805999794929,0.3789119434714681,0.747374347035052,1.598366890486013,0.2953518386732523,0.2370619322302484,0.4675862290964992,0.470855046778498,0.40494155285733874
56,Citadel Landing & Traboulay Trail,0.21131005550458695,0.23171159996754423,0.7702222308957573,1.2132438863678885,0.17416947893072837,0.19098517830674894,0.6348453427625227,0.5084078496880102,0.549792194306584
57,Dominion Park,0.07316687740469455,0.5037478612569574,0.5881129878054516,1.1650277264671036,0.0628026919381309,0.4323913069301372,0.5048060011317318,0.6847943074960031,0.4371748209629158
58,Lions Park,0.6817661449515354,0.01939190871231405,0.6126245719142737,1.313782625578123,0.5189337502857657,0.014760363194619616,0.4663058865196147,0.24791330645442697,0.40383274366020994
59,Shaughnessy Park,0.5034464031891558,0.05707957444715885,0.6847249976917795,1.2452509753280943,0.4042931209562069,0.04583780746055608,0.549869071583237,0.3207723432521746,0.47620058474644716
61,Rocky  Point Park,0.7207275375708795,0.9266397676227408,0.7133012015575377,2.360668506751158,0.30530654156214937,0.39253277830948735,0.30216068012836333,0.543613118373669,0.26167882501594647
62,Old Orchard Park,0.21859033918114085,0.7216932304175284,0.5868559431394674,1.5271395127381369,0.14313711180795252,0.47257845429167367,0.3842844339003737,0.6647206712418605,0.3328000820366455
63,Old Mill Site Park,0.14840268555640923,0.8281694292974966,0.8679190529861681,1.844491167840074,0.08045724920992219,0.44899614795515397,0.47054660283492383,0.6842694493726159,0.40750531171951077
64,Terra Nova Park 1,0.09366098797367714,0.6254963602717881,0.7458858256301516,1.4650431738756169,0.06393053095214041,0.42694739064726916,0.5091220784005904,0.6815084298475644,0.4409126535224439
65,Tait Waterfront,0.04863039297722926,0.3613597052777643,0.6983701637430456,1.108360261998039,0.04387598026075325,0.32603091040664145,0.6300931093326054,0.6410774650729442,0.5456766394315621
67,Imperial Landing Park,0.37711338898152547,0.20140077341978524,0.402345704076132,0.9808598664774427,0.38447223897114985,0.2053308329793071,0.4101969280495431,0.41042929700407865,0.3552409602452419
68,North Arm Dyke (riverfront),0.2505386454365656,0.7665840885369889,0.8304616920131436,1.847584425986698,0.13560335425687844,0.41491153408461784,0.4494851116585038,0.6396540899138697,0.3892655253191492
70,Crescent Beach 1,0.1631036385530353,0.8298061623191196,0.7606760377461605,1.7535858386183154,0.09301149391212457,0.47320532821646194,0.4337831778714135,0.6900969171521687,0.37566725177098786
72,Horseshoe Bay Park,0.3900750617044094,0.24949745200158027,0.261369264092568,0.9009417777985577,0.43296367347682996,0.2769296064960211,0.29010672002714893,0.42198296650959555,0.25123978935209074
73,Centennial Seawalk,0.4981886564733546,0.9151971000252628,0.6690643619633069,2.0824501184619244,0.2392319758618331,0.43948092293380725,0.32128710120435955,0.600124473535987,0.27824279155123727
74,West Bay Park,0.1983786212283947,0.29441868266752774,0.2496052667447337,0.7424025706406562,0.2672116572241983,0.3965755161831662,0.3362128265926354,0.5646819294794839,0.29116884890739453
75,Erwin Park,0.11532944144730936,0.7621306780882022,0.11252491726315886,0.9899850367986704,0.11649614606322932,0.7698406034021642,0.11366325053460645,0.8266722286694674,0.09843526243968435
76,Caulfield Park 1,0.17262577774356289,0.8858782502270036,0.7249047962511302,1.7834088242216968,0.09679540405935753,0.4967331316270753,0.4064714643135672,0.6999688637838588,0.352014614009009
77,Gulf Beach Park,0.16463917573993142,0.48152760261646327,0.1845326822631793,0.830699460619574,0.19819343041000162,0.5796652404918112,0.22214132909818707,0.6907359050409048,0.1923800342294693
78,Eagle Harbour Beach Park,0.23033911748861813,0.23269573455428225,0.5418850313272288,1.0049198833701292,0.22921142401536132,0.23155650356315663,0.5392320724214821,0.5011725397738976,0.4669886732523337
79,Larson Bay Park,0.0724179666685788,0.35184533580897354,0.3058994744142104,0.7301627768917627,0.09918057857845833,0.48187246316054005,0.4189469582610017,0.6913459422910408,0.36281870869224636
80,Bellevue Ave Park,0.30931668574182936,0.00267510010664751,0.01936174186995556,0.3313535277184324,0.9334944700050731,0.008073250721267938,0.05843227927365903,0.03728939035809745,0.05060383825201564
82,Stearman Beach,0.07010317055116472,0.6579542162776447,0.6441078688962724,1.3721652557250819,0.05108945169590428,0.4795007113993478,0.4694098369047479,0.7142056298517218,0.4065208435458218
83,Parthenon Park (aka Balmy Beach),0.07459533520954952,0.16063474546672257,0.1947684355185628,0.42999851619483487,0.17347812236577562,0.37357046458722665,0.45295141304699776,0.6000461711107256,0.3922674303787583
84,Whytecliff Park 1,0.0765439444477934,0.7657459265584321,0.9020016055994504,1.7442914766056759,0.04388254226681482,0.4390011284401528,0.5171163292930324,0.697559293086669,0.4478358778795251
85,Altamont Beach Park,0.300345686171092,0.734221872770708,0.3703797940821521,1.404947353023952,0.21377718213044783,0.5225974277188383,0.2636253901507139,0.6544101227941953,0.22830628495310218
86,Sandy Cove Park,0.1812286764787827,0.5629040298758016,0.3003802648641841,1.0445129712187684,0.17350543408505475,0.5389153082694499,0.2875792576454954,0.6827049370921976,0.24905094272246928
87,Kew Beach Park,0.11062148925927268,0.49721107697980765,0.3439477863714873,0.9517803526105677,0.11622585920780693,0.5224010724911943,0.3613730683009987,0.7030876066416936,0.3129582573921939
88,Garrow Bay Park,0.130857322644746,0.311037213219169,0,0.44189453586391503,0.29612794914722496,0.7038720508527749,0,0.7038720508527749,0
89,Citrus Park,0.359984536039376,1,0.0223445187125169,1.382329054751893,0.26041884513813374,0.723416755628771,0.016164399233095338,0.7314989552453186,0.01399878037277426
90,Dundarave Park,0.6059441896491723,0.9406179805547256,0.5645233216061892,2.111085491810087,0.28702967833369153,0.44556129261644484,0.26740902904986363,0.5792658071413767,0.23158301235851284
91,Ambleside Park 1,0.6056106821379049,0.8880561058727884,0.6254091143625901,2.1190759023732832,0.28578999056128396,0.4190770632039182,0.2951329462347979,0.5666435363213171,0.2555926289330819
93,Memorial Park (including Totem Park parcel),0.8338482069967252,0.80919301099710494,0.7921926394745754,2.435233857468406,0.342409910423785,0.33228554560189844,0.3253045439743165,0.4949378175890567,0.2817219990482701
97,Maplewood Farm,0.4512358701641675,0.06315163322510865,0.6799989225887203,1.1943864259779966,0.37779721901534763,0.05287370305920745,0.5693290779254447,0.33753824202192984,0.4930534445966054
98,Sutcliffe Park,0.6232615336875503,0.02944354655326294,0.2197476188855267,0.87245269912634,0.7143785953229033,0.03374801474366144,0.2518733899334353,0.15968470971037907,0.21812875421965863
99,Gladstone-Riverside Park,0.2416704840457815,0.6664439704168154,0.7168629848671021,1.624977439329699,0.148722362659675,0.4101250603772829,0.4411525769630421,0.630701348858804,0.38204933859496415
100,Kinross Corridor – South,0.19682942349202556,0.02845156120933686,0.39350391302148785,0.6187848977228503,0.3180902187761282,0.0459797278731908,0.635930053350681,0.3639447545485313,0.5507315812316831
101,New Brighton Park,0.08783839529750984,0.34745016830979225,0.6926984007674815,1.1279869643747835,0.07787181773523116,0.3080267585382741,0.6141014237264948,0.6150774704015215,0.5318274334473363
102,David Lam Park,0.7755512946301061,0.2568757754612278,0.4358475162633396,1.4682745863546733,0.5282058967972667,0.17495077409122808,0.2968433291115053,0.32337243864698073,0.2570738639545084
103,Coopers' Park,0.9053600177771745,0.23211186939621284,0.4350566135714421,1.5725285007448293,0.5757352043847536,0.14760423692560923,0.27666055868963724,0.2859345162704279,0.23959507205042146
104,Creekside Park,1,0.5621929193675169,0.4183157618161311,1.9805086811836479,0.5049207860085478,0.2838628907354868,0.21121632325596543,0.3894710523634695,0.18291870163361196
105,Riverfront Park,0.20146834251167972,0.6196481664973181,0.31088419142547785,1.1320007004344756,0.17797545746601898,0.547392034527443,0.2746325080065381,0.6847082885307121,0.23783872863869523
106,Deering Island Park,0.04124030293004478,0.24362601938704495,0.5331731362098391,0.8180394585269288,0.05041358641098753,0.29781695350704784,0.6517694600819646,0.6237016835480301,0.5644489098418489
108,Charleson Park,0.5463766283253412,0.53404762248454,0.7523104890384383,1.8327347398483194,0.2981209535923133,0.29139384487726727,0.4104852015304195,0.496636445642477,0.3554906124029182
110,Hadden Park,0.134519759617821,0.7956294510767172,0.5168795482937071,1.4470287589882453,0.09296274091461491,0.5498366539950574,0.35720060509032764,0.7284369565402212,0.3093447982553968
111,Vanier Park,0.11820371366026028,0.5785795191790821,0.7291679313849062,1.4259511642242486,0.08289464367776292,0.4057498837934209,0.5113554725288162,0.6614276200578291,0.44284682957415045
112,George Wainborn Park,0.8291677903655703,0.10920897328215436,0.666891529893338,1.6052682935410627,0.5165291021456035,0.0680316017712218,0.4154392960831746,0.2757512498128091,0.35978098413835424
113,Habitat Island Park,0.45231234975179113,0.10527612819960272,0.8916184463484023,1.449206924299796,0.3121102598721932,0.07264395886768779,0.6152457812601191,0.38026684949774736,0.532818476142467
114,CRAB Park at Portside,0.5356997096885345,0.25782532193849594,0.5167078466933147,1.3102328783203452,0.40885839346000497,0.1967782416428257,0.3943633648971693,0.39395992409141034,0.3415286923228609
115,Volunteer Park,0.23676830190446732,0.24727035493611935,0.28100055722271655,0.7650392140633032,0.30948518396453845,0.32321265418906875,0.3673021618463928,0.5068637351122651,0.3180930030239195
116,LYNN CANYON PARK,0.4375196679384598,0.00192935046045704,0.7486211439521787,1.1880701623510956,0.3682607995748698,0.0016239364657041886,0.630115263959426,0.31668156844541717,0.5456958259012
118,Maple Ridge Park,0.20171346511142724,0.01466741870765499,0.5474074726075945,0.7637883564266768,0.2640960200743668,0.019203511789935297,0.7167004681356979,0.37755374585778423,0.620680812309714
119,Galette Park,0.0769609080874989,0.02707990077664832,0.5347001019927261,0.6387409108568733,0.12048845905964525,0.042395751260586284,0.8371157896797684,0.4609536461004705,0.7249635397717507
120,Town Centre Park,0.7810304416969234,0.773819304708096,0.6240659827816125,2.178915729186632,0.35844912735036083,0.35513962029038876,0.2864112523592504,0.498345246470014,0.24803942047282657
121,Como Lake Park,0.40252482426233166,0.9483420892338362,0.4475252857589055,1.7983921992550735,0.2238248277706413,0.5273277373126155,0.24884743491674316,0.6517514547709871,0.2155082003044943
122,Oxley Street Park,0.21566934459320355,0.7530912451557595,0.06918324971133039,1.0379438394602936,0.20778517718776243,0.7255606869321073,0.06665413588013014,0.7588877548721724,0.05772417493949254
123,Latimer Park,0.1403969136095807,0.02369782311371055,0.32853718615493266,0.4926319228782239,0.28499353592293714,0.0481045218816819,0.666901942195381,0.3815554929793724,0.5775540237743811
125,Seymour River Heritage Park,0.06987958832291156,0.05750992652887305,0.8259611784687677,0.9533506933205523,0.07329893271438093,0.06032399927099655,0.8663770680146226,0.4935125332783078,0.7503045501569415
126,Capilano River Regional Park,0.24316185705911603,0.1428776877296237,0.6145308614277672,1.0005704062165068,0.2430232350950622,0.14279623586899026,0.6141805290359477,0.4498865003869641,0.5318959406548966
127,Klee Wyck Park - DNV,0.05431497038397757,0,0.5986244777797908,0.6529394481637684,0.08318530996515078,0,0.9168146900348492,0.4584073450174246,0.7939848121329351
128,Klee Wyck Park - DWV,0.0836292775452917,1.2081741271681e-4,0.42349559324306735,0.5072456882010759,0.16486937097854729,2.381832227007854e-4,0.834892445798752,0.4176844061220768,0.7230380674894417
129,Cross's Cabins,0.05570922668117055,0.01934493746211317,0.6219022988282829,0.6969564629715665,0.0799321473304758,0.02775630687121181,0.8923115457983124,0.47391207977036803,0.7727644667515001
130,Davidson's Pool,0,0.00289731745196696,0.2938715699020277,0.29676888735399465,0,0.009762874665870733,0.9902371253341292,0.5048814373329353,0.857570506309831
131,Coquitlam River Greenway and Natural Areas,0.0914687910982636,0.04888510228965477,0.6948154364115444,0.8351693297994628,0.10952125255871967,0.058533162731673645,0.8319455847096067,0.47450595508647697,0.720486010924818
132,Hockaday Park,0.06625675193452392,0,0.14283524493731972,0.20909199687184366,0.3168784694094911,0,0.6831215305905088,0.3415607652952544,0.5916005993634892
134,Marina Park,0.06910168262743496,0.7075445695342936,0.728761410214458,1.5054076623761865,0.04590230563750587,0.47000197170345287,0.4840957226590412,0.7120498330329734,0.4192391936861158
135,Bedford Channel Landing,0.11304020362324434,0.4419232382378495,0.5479027942052015,1.1028662360662953,0.10249674885907857,0.4007042955763175,0.496798955564604,0.6491037733586195,0.43024051609252356
136,Westwood Park,0.3629858200885404,0.06152625280036439,0.7367722001123815,1.1612842730012862,0.312572751158009,0.05298121590965199,0.6344460329323391,0.37020423237582156,0.5494463818496642
137,Klootchman Park,0.07910708476888223,0.7847117988507498,0.6932984515526754,1.5571173351723075,0.05080354767235855,0.5039516169562874,0.44524483537135395,0.7265740346419645,0.3855933383354127
138,John Lawson Park,0.5524405028513146,0.8508836575103951,0.4628663092050071,1.8661904695667169,0.29602578721751677,0.4559468453978061,0.24802736738467707,0.5799605290901446,0.21479800098890625
139,Elgin Heritage Park,0.13251444773270893,0.532183753635991,0.5429943507399027,1.2076925521086026,0.10972531668042652,0.44066161764996464,0.44961306566960885,0.665468150484769,0.3893763367432823
140,National Park,0.02158780249387313,0.00371044211317373,0.540425636650848,0.5657238812578949,0.03815960967720216,0.006558751072914777,0.9552816392498831,0.4841995706978563,0.8272981673592404
141,Deep Cove Park,0.3401292560309333,0.30910535459026633,0.581424970880691,1.2306595815018908,0.27637964319575786,0.2511704773898853,0.47244987941435673,0.4873954170970637,0.4091535975877276
142,Strathcona Park,0.03487195080164132,0.2382810823503789,0.06154035858217516,0.3346933917341954,0.10419073594777067,0.7119384135902374,0.18387085046199203,0.8038738388212334,0.15923682751553478
143,Hume Park,0.49213416259508497,0,0.621085663484473,1.113219826079558,0.4420817443830845,0,0.5579182556169154,0.2789591278084577,0.48317138259934883
144,Park Site on South East False Creek (Hinge Park),0.9469041242485792,0.04767721139194013,0.08641441520793619,1.0809957508484556,0.8759554545014353,0.04410490175795703,0.07993964374060764,0.08407472362826085,0.06922976224884389
145,"Stanley Park (Seawall, Second Beach, Third Beach)",0.24436459376599007,0.8238764436860622,0.8262247732581915,1.8944658107102437,0.1289886533631223,0.4348858865799152,0.43612546005696257,0.6529486166083965,0.37769572764650505
146,Lost Lagoon,0.3553638732544799,0.1139162329600139,0.6948601143976416,1.1641402206121354,0.3052586509446605,0.09785439154409918,0.5968869575112403,0.39629787029971936,0.5169192683923369
147,Beaver Lake,0.08947718540471958,0,0.5112687399617922,0.6007459253665118,0.14894347448154563,0,0.8510565255184543,0.42552826275922717,0.7370365711555008
