pair,park_num,site_name,x_dimension,y_dimension,x,y,x_median,y_median,x_level,y_level,quadrant_code,quadrant,x_z,y_z,absolute_standardized_difference,divergence_rank,is_top5_divergence
Physical vs haptic,2,Drummond Walk Dog off leash trail,Physical access,Haptic access,0.08192907861458498,0.5003188895500579,0.19230268372820103,0.37501999803951636,Low,High,LH,Low-high,-1.0088330405727717,1.1890116585723027,2.197844699145074,11,FALSE
Physical vs haptic,6,Burnaby Fraser Foreshore Park,Physical access,Haptic access,0.22730246489765135,0.4483612366536837,0.19230268372820103,0.37501999803951636,High,High,HH,High-high,-0.0757162945311938,0.7965577308697178,0.8722740254009116,69,FALSE
Physical vs haptic,7,Deer lake (lakefront),Physical access,Haptic access,0.3208954445253507,0.4336513739797683,0.19230268372820103,0.37501999803951636,High,High,HH,High-high,0.5250344951111562,0.6854491056618492,0.16041461055069306,106,FALSE
Physical vs haptic,8,Burnaby Lake,Physical access,Haptic access,0.2065336942999677,0.5954530487497928,0.19230268372820103,0.37501999803951636,High,High,HH,High-high,-0.2090260297922206,1.9075925096181054,2.116618539410326,14,FALSE
Physical vs haptic,10,Kings Mill Walk Park,Physical access,Haptic access,0.06639929501553218,0.4889015301575931,0.19230268372820103,0.37501999803951636,Low,High,LH,Low-high,-1.1085149803637415,1.1027724370566307,2.2112874174203725,10,FALSE
Physical vs haptic,11,Waterfront Park,Physical access,Haptic access,0.5055081130738598,0.4029474922943135,0.19230268372820103,0.37501999803951636,High,High,HH,High-high,1.7100187412551373,0.45353218310176396,1.2564865581533733,49,FALSE
Physical vs haptic,12,Lynnmouth Park (riverfront),Physical access,Haptic access,0.37001711200995574,0.2408339179939818,0.19230268372820103,0.37501999803951636,High,Low,HL,High-low,0.8403346452646387,-0.7709671047117131,1.6113017499763518,25,FALSE
Physical vs haptic,13,Spanish Banks Beach Park and Extension,Physical access,Haptic access,0.1402030647872526,0.4735911039916032,0.19230268372820103,0.37501999803951636,Low,High,LH,Low-high,-0.634786361558007,0.9871275503326874,1.6219139118906944,24,FALSE
Physical vs haptic,14,Locarno Beach Park,Physical access,Haptic access,0.17701687812323236,0.4672293282945656,0.19230268372820103,0.37501999803951636,Low,High,LH,Low-high,-0.3984873622173494,0.9390748820482913,1.3375622442656407,42,FALSE
Physical vs haptic,15,Jericho Beach Park,Physical access,Haptic access,0.2149703866910242,0.428966007317617,0.19230268372820103,0.37501999803951636,High,High,HH,High-high,-0.15487293373674693,0.6500589283388792,0.8049318620756262,74,FALSE
Physical vs haptic,16,Kitsilano Beach Park,Physical access,Haptic access,0.28395933224338543,0.4538454505503992,0.19230268372820103,0.37501999803951636,High,High,HH,High-high,0.28795048829808473,0.8379818746511875,0.5500313863531028,87,FALSE
Physical vs haptic,17,Sunset Beach Park,Physical access,Haptic access,0.5688698183894384,0.2302245053707456,0.19230268372820103,0.37501999803951636,High,Low,HL,High-low,2.116722263814583,-0.8511036278704988,2.9678258916850817,4,TRUE
Physical vs haptic,18,English Bay Beach Park,Physical access,Haptic access,0.5005828490204501,0.4478670719715088,0.19230268372820103,0.37501999803951636,High,High,HH,High-high,1.6784046577944667,0.7928251359652053,0.8855795218292614,67,FALSE
Physical vs haptic,21,John Hendry (Trout Lake) Park,Physical access,Haptic access,0.38394382309172514,0.3768646327569235,0.19230268372820103,0.37501999803951636,High,High,HH,High-high,0.9297268487480049,0.2565194217366742,0.6732074270113307,81,FALSE
Physical vs haptic,22,Don Roberts Park,Physical access,Haptic access,0.13341571697455556,0.218635912644106,0.19230268372820103,0.37501999803951636,Low,Low,LL,Low-low,-0.6783527120927887,-0.9386362333403023,0.26028352124751364,100,FALSE
Physical vs haptic,24,Maquabeak Park,Physical access,Haptic access,0.17719112809357696,0.2255381754910144,0.19230268372820103,0.37501999803951636,Low,Low,LL,Low-low,-0.397368893634598,-0.8865010807053791,0.48913218707078115,92,FALSE
Physical vs haptic,25,Coquitlam River Park,Physical access,Haptic access,0.3904805622597937,0.2376998042943838,0.19230268372820103,0.37501999803951636,High,Low,HL,High-low,0.9716846027646434,-0.7946401377050789,1.7663247404697224,18,FALSE
Physical vs haptic,26,Captain's Cove Park,Physical access,Haptic access,0.2668806302730855,0.4904386836366176,0.19230268372820103,0.37501999803951636,High,High,HH,High-high,0.1783264146171617,1.114383083163529,0.9360566685463674,62,FALSE
Physical vs haptic,31,Fred Gingell Park,Physical access,Haptic access,0.1606334096839443,0.1765514397363384,0.19230268372820103,0.37501999803951636,Low,Low,LL,Low-low,-0.503648899344755,-1.2565146548480413,0.7528657555032863,77,FALSE
Physical vs haptic,32,Panorama Park,Physical access,Haptic access,0.25856611619321296,0.1854360720881774,0.19230268372820103,0.37501999803951636,High,Low,HL,High-low,0.12495755170837161,-1.1894059871484657,1.3143635388568373,43,FALSE
Physical vs haptic,33,Lowry Lane Waterfront Park,Physical access,Haptic access,0.13449955536088273,0.1242349835863439,0.19230268372820103,0.37501999803951636,Low,Low,LL,Low-low,-0.6713958145880742,-1.6516787462763938,0.9802829316883196,61,FALSE
Physical vs haptic,35,Deep Cove’s Parkside Beach,Physical access,Haptic access,0.2398885193560112,0.3576094092072767,0.19230268372820103,0.37501999803951636,High,Low,HL,High-low,0.005070557051246351,0.11107813080843158,0.10600757375718523,110,FALSE
Physical vs haptic,36,Seylynn Park,Physical access,Haptic access,0.42398441510286367,0.4256958616501052,0.19230268372820103,0.37501999803951636,High,High,HH,High-high,1.1867377630721772,0.6253583993535877,0.5613793637185894,85,FALSE
Physical vs haptic,37,Cates Park,Physical access,Haptic access,0.17066109875098529,0.4674718574648135,0.19230268372820103,0.37501999803951636,Low,High,LH,Low-high,-0.4392835788979001,0.9409067878434988,1.3801903667413988,39,FALSE
Physical vs haptic,38,Harbourview Park (riverfront),Physical access,Haptic access,0.12895447142304228,0.4618679973875835,0.19230268372820103,0.37501999803951636,Low,High,LH,Low-high,-0.7069883725720373,0.8985789155281174,1.6055672881001546,27,FALSE
Physical vs haptic,39,Bridgman Park,Physical access,Haptic access,0.3423537547150115,0.4134742373470605,0.19230268372820103,0.37501999803951636,High,High,HH,High-high,0.662770218902709,0.5330442898190138,0.1297259290836953,109,FALSE
Physical vs haptic,40,Brookswood Pond,Physical access,Haptic access,0.10485144071768776,0.3691018714252767,0.19230268372820103,0.37501999803951636,Low,Low,LL,Low-low,-0.861699920239552,0.19788462965900616,1.059584549898558,57,FALSE
Physical vs haptic,42,Emmeline Mohun Park (riverfro,Physical access,Haptic access,0.10576867976093088,0.0566729442546991,0.19230268372820103,0.37501999803951636,Low,Low,LL,Low-low,-0.8558123837842427,-2.16199794318436,1.306185559400117,45,FALSE
Physical vs haptic,43,Port Haney Wharf,Physical access,Haptic access,0.2990643214357327,0.1571681453958539,0.19230268372820103,0.37501999803951636,High,Low,HL,High-low,0.3849057751255615,-1.4029233082741335,1.787829083399695,17,FALSE
Physical vs haptic,44,"Pacific Spirit Regional Park (Acadia, Tower, and Wreck Beaches combined)",Physical access,Haptic access,0.07924665215561143,0.4921811536680055,0.19230268372820103,0.37501999803951636,Low,High,LH,Low-high,-1.0260508898152694,1.1275445554318417,2.1535954452471113,13,FALSE
Physical vs haptic,46,Pitt River Regional Greenway at Harris Rd & fraser Way,Physical access,Haptic access,0.06321513162564767,0.4591115055774762,0.19230268372820103,0.37501999803951636,Low,High,LH,Low-high,-1.1289533580971207,0.8777581898553435,2.006711547952464,16,FALSE
Physical vs haptic,49,Kanaka Creek Regional Park (riverfront) 1,Physical access,Haptic access,0.27930502547380687,0.5471659633586436,0.19230268372820103,0.37501999803951636,High,High,HH,High-high,0.2580756143686031,1.542863634030482,1.2847880196618788,47,FALSE
Physical vs haptic,50,Sapperton Landing Park,Physical access,Haptic access,0.34215132443483626,0.4593249743684154,0.19230268372820103,0.37501999803951636,High,High,HH,High-high,0.661470867699803,0.8793705926637054,0.21789972496390242,103,FALSE
Physical vs haptic,53,Quayside Park,Physical access,Haptic access,0.2472726896555076,0.2011970508429465,0.19230268372820103,0.37501999803951636,High,Low,HL,High-low,0.052467767354007065,-1.070357922581681,1.122825689935688,54,FALSE
Physical vs haptic,54,Waterfront Esplanade and Park,Physical access,Haptic access,0.2931400345611894,0.4785500552403122,0.19230268372820103,0.37501999803951636,High,High,HH,High-high,0.3468792048410487,1.0245842056347072,0.6777050007936585,80,FALSE
Physical vs haptic,55,Westminster Pier Park,Physical access,Haptic access,0.34881537975205096,0.4555515293195713,0.19230268372820103,0.37501999803951636,High,High,HH,High-high,0.7042458334072972,0.8508684712660687,0.1466226378587715,107,FALSE
Physical vs haptic,56,Citadel Landing & Traboulay Trail,Physical access,Haptic access,0.1777072044391556,0.4682044552214449,0.19230268372820103,0.37501999803951636,Low,High,LH,Low-high,-0.3940563238953357,0.9464403493303793,1.340496673225715,41,FALSE
Physical vs haptic,57,Dominion Park,Physical access,Haptic access,0.08706266027028166,0.3673542069920763,0.19230268372820103,0.37501999803951636,Low,Low,LL,Low-low,-0.9758818166068182,0.18468392229673322,1.1605657389035513,53,FALSE
Physical vs haptic,58,Lions Park,Physical access,Haptic access,0.4864034308177989,0.3809284731848358,0.19230268372820103,0.37501999803951636,High,High,HH,High-high,1.5873903881794111,0.28721499878037926,1.300175389399032,46,FALSE
Physical vs haptic,59,Shaughnessy Park,Physical access,Haptic access,0.3693964824422945,0.4208569562959257,0.19230268372820103,0.37501999803951636,High,High,HH,High-high,0.8363509735797432,0.5888084917621818,0.24754248181756144,101,FALSE
Physical vs haptic,61,Rocky  Point Park,Physical access,Haptic access,0.511968483850032,0.4366821676054123,0.19230268372820103,0.37501999803951636,High,High,HH,High-high,1.7514863049613707,0.7083417267895245,1.0431445781718462,58,FALSE
Physical vs haptic,62,Old Orchard Park,Physical access,Haptic access,0.18248426259257472,0.3666580684301416,0.19230268372820103,0.37501999803951636,Low,Low,LL,Low-low,-0.3633935384038412,0.17942574958055227,0.5428192879843935,88,FALSE
Physical vs haptic,63,Old Mill Site Park,Physical access,Haptic access,0.1364296694045122,0.5223079625000542,0.19230268372820103,0.37501999803951636,Low,High,LH,Low-high,-0.6590068775072953,1.3551026493061613,2.0141095268134563,15,FALSE
Physical vs haptic,64,Terra Nova Park 1,Physical access,Haptic access,0.10051015247527947,0.4547272012918913,0.19230268372820103,0.37501999803951636,Low,High,LH,Low-high,-0.8895656036494214,0.8446420396598611,1.7342076433092823,20,FALSE
Physical vs haptic,65,Tait Waterfront,Physical access,Haptic access,0.07096270892251404,0.4284135105929458,0.19230268372820103,0.37501999803951636,Low,High,LH,Low-high,-1.0792235258231395,0.6458857315612556,1.7251092573843951,21,FALSE
Physical vs haptic,67,Imperial Landing Park,Physical access,Haptic access,0.28650133956343354,0.2644781730298292,0.19230268372820103,0.37501999803951636,High,Low,HL,High-low,0.3042670209148493,-0.5923739574245023,0.8966409783393516,66,FALSE
Physical vs haptic,68,North Arm Dyke (riverfront),Physical access,Haptic access,0.2034475826589227,0.5015644566348778,0.19230268372820103,0.37501999803951636,High,High,HH,High-high,-0.22883503697050614,1.1984198528883465,1.4272548898588526,36,FALSE
Physical vs haptic,70,Crescent Beach 1,Physical access,Haptic access,0.1460759016800114,0.4629178704636085,0.19230268372820103,0.37501999803951636,Low,High,LH,Low-high,-0.5970900363122469,0.9065089660463146,1.5035990023585615,34,FALSE
Physical vs haptic,72,Horseshoe Bay Park,Physical access,Haptic access,0.2950063191924845,0.1864068531694483,0.19230268372820103,0.37501999803951636,High,Low,HL,High-low,0.3588584363005852,-1.182073345525027,1.5409317818256123,31,FALSE
Physical vs haptic,73,Centennial Seawalk,Physical access,Haptic access,0.36594653970198365,0.4121842553728704,0.19230268372820103,0.37501999803951636,High,High,HH,High-high,0.8142066222223338,0.5233006146486565,0.29090600757367724,99,FALSE
Physical vs haptic,74,West Bay Park,Physical access,Haptic access,0.1692220661823276,0.1798920709839532,0.19230268372820103,0.37501999803951636,Low,Low,LL,Low-low,-0.4485203822925674,-1.2312817241622152,0.7827613418696477,75,FALSE
Physical vs haptic,75,Erwin Park,Physical access,Haptic access,0.11472820591069102,0.1039783664515041,0.19230268372820103,0.37501999803951636,Low,Low,LL,Low-low,-0.798303343782521,-1.8046839055431267,1.0063805617606056,59,FALSE
Physical vs haptic,76,Caulfield Park 1,Physical access,Haptic access,0.15232398412830866,0.443108120431,0.19230268372820103,0.37501999803951636,Low,High,LH,Low-high,-0.556985100242296,0.7568791468816745,1.3138642471239703,44,FALSE
Physical vs haptic,77,Gulf Beach Park,Physical access,Haptic access,0.1470834655009328,0.1438555349656413,0.19230268372820103,0.37501999803951636,Low,Low,LL,Low-low,-0.5906227268682973,-1.5034780092674864,0.9128552823991891,65,FALSE
Physical vs haptic,78,Eagle Harbour Beach Park,Physical access,Haptic access,0.19019338488779475,0.3417536344629086,0.19230268372820103,0.37501999803951636,Low,Low,LL,Low-low,-0.31391053952160203,-0.008685960298712337,0.3052245792228897,97,FALSE
Physical vs haptic,79,Larson Bay Park,Physical access,Haptic access,0.0865712522019853,0.2110672311295975,0.19230268372820103,0.37501999803951636,Low,Low,LL,Low-low,-0.9790360466168037,-0.9958050741619419,0.016769027545138204,113,FALSE
Physical vs haptic,80,Bellevue Ave Park,Physical access,Haptic access,0.24201560131821315,0.0523855466428927,0.19230268372820103,0.37501999803951636,High,Low,HL,High-low,0.01872378375168833,-2.1943821241197834,2.213105907871472,9,FALSE
Physical vs haptic,82,Stearman Beach,Physical access,Haptic access,0.08505236692807656,0.3983636031202175,0.19230268372820103,0.37501999803951636,Low,High,LH,Low-high,-0.9887854052899275,0.4189084999628194,1.407693905252747,37,FALSE
Physical vs haptic,83,Parthenon Park (aka Balmy Beach),Physical access,Haptic access,0.08799996248358327,0.1495239911027529,0.19230268372820103,0.37501999803951636,Low,Low,LL,Low-low,-0.9698654994961293,-1.4606622208126827,0.4907967213165534,91,FALSE
Physical vs haptic,84,Whytecliff Park 1,Physical access,Haptic access,0.08927856920592284,0.5411825337904063,0.19230268372820103,0.37501999803951636,Low,High,LH,Low-high,-0.9616584309623247,1.497668743493954,2.459327174456279,6,FALSE
Physical vs haptic,85,Altamont Beach Park,Physical access,Haptic access,0.2361291567031874,0.2467757769127254,0.19230268372820103,0.37501999803951636,High,Low,HL,High-low,-0.019059886185197532,-0.7260862115126616,0.7070263253274641,79,FALSE
Physical vs haptic,86,Sandy Cove Park,Physical access,Haptic access,0.1579688943230133,0.2080107489669978,0.19230268372820103,0.37501999803951636,Low,Low,LL,Low-low,-0.5207517815637086,-1.0188917295976196,0.49813994803391104,90,FALSE
Physical vs haptic,87,Kew Beach Park,Physical access,Haptic access,0.11163901840303972,0.2321379996446092,0.19230268372820103,0.37501999803951636,Low,Low,LL,Low-low,-0.8181320942075748,-0.8366503509891909,0.018518256781616116,112,FALSE
Physical vs haptic,88,Garrow Bay Park,Physical access,Haptic access,0.12491703848577693,0.0416632107493231,0.19230268372820103,0.37501999803951636,Low,Low,LL,Low-low,-0.732903681977064,-2.2753715953718894,1.5424679133948254,30,FALSE
Physical vs haptic,89,Citrus Park,Physical access,Haptic access,0.2752620073833523,0.0540373781473263,0.19230268372820103,0.37501999803951636,High,Low,HL,High-low,0.2321244552107207,-2.181905275654154,2.414029730864875,8,FALSE
Physical vs haptic,90,Dundarave Park,Physical access,Haptic access,0.43665181317797863,0.3542904895691017,0.19230268372820103,0.37501999803951636,High,Low,HL,High-low,1.2680467397348574,0.08600919533652322,1.1820375443983342,51,FALSE
Physical vs haptic,91,Ambleside Park 1,Physical access,Haptic access,0.43643297764261935,0.3880084228761991,0.19230268372820103,0.37501999803951636,High,High,HH,High-high,1.2666420871509578,0.3406922809404077,0.9259498062105501,63,FALSE
Physical vs haptic,93,Memorial Park (including Totem Park parcel),Physical access,Haptic access,0.5861941651845751,0.4803714442291127,0.19230268372820103,0.37501999803951636,High,High,HH,High-high,2.2279230724501926,1.0383417797875398,1.1895812926626528,50,FALSE
Physical vs haptic,97,Maplewood Farm,Physical access,Haptic access,0.33513782391163716,0.4182397039302244,0.19230268372820103,0.37501999803951636,High,High,HH,High-high,0.616452897396591,0.5690394892485978,0.04741340814799322,111,FALSE
Physical vs haptic,98,Sutcliffe Park,Physical access,Haptic access,0.4480148263804059,0.1633572090129279,0.19230268372820103,0.37501999803951636,High,Low,HL,High-low,1.3409831841266153,-1.3561751934167094,2.6971583775433245,5,TRUE
Physical vs haptic,99,Gladstone-Riverside Park,Physical access,Haptic access,0.1976286167284997,0.4386546470074087,0.19230268372820103,0.37501999803951636,High,High,HH,High-high,-0.2661855774865703,0.7232405385231845,0.9894261160097548,60,FALSE
Physical vs haptic,100,Kinross Corridor – South,Physical access,Haptic access,0.16820553880419614,0.2595816789940438,0.19230268372820103,0.37501999803951636,Low,Low,LL,Low-low,-0.4550452266509236,-0.6293588520299005,0.17431362537897688,105,FALSE
Physical vs haptic,101,New Brighton Park,Physical access,Haptic access,0.09668957829802576,0.4252725458935311,0.19230268372820103,0.37501999803951636,Low,High,LH,Low-high,-0.9140889489152991,0.6221609506224596,1.5362498995377587,32,FALSE
Physical vs haptic,102,David Lam Park,Physical access,Haptic access,0.5479418452321281,0.283031136173705,0.19230268372820103,0.37501999803951636,High,Low,HL,High-low,1.9823906456752753,-0.45223707959329673,2.434627725268572,7,FALSE
Physical vs haptic,103,Coopers' Park,Physical access,Haptic access,0.6331176222820895,0.2825931423000849,0.19230268372820103,0.37501999803951636,High,Low,HL,High-low,2.5291134396787394,-0.45554539716404424,2.9846588368427835,3,TRUE
Physical vs haptic,104,Creekside Park,Physical access,Haptic access,0.6952169468143159,0.2733222287185214,0.19230268372820103,0.37501999803951636,High,Low,HL,High-low,2.927714044097905,-0.5255717791434685,3.4532858232413735,2,TRUE
Physical vs haptic,105,Riverfront Park,Physical access,Haptic access,0.17124942925001177,0.2138277167557455,0.19230268372820103,0.37501999803951636,Low,Low,LL,Low-low,-0.4355072271537118,-0.974954181830277,0.5394469546765652,89,FALSE
Physical vs haptic,106,Deering Island Park,Physical access,Haptic access,0.06611359981044786,0.3369290754771722,0.19230268372820103,0.37501999803951636,Low,Low,LL,Low-low,-1.1103487890610837,-0.04512750486119132,1.0652212841998925,56,FALSE
Physical vs haptic,108,Charleson Park,Physical access,Haptic access,0.3975657394556431,0.458285114599974,0.19230268372820103,0.37501999803951636,High,High,HH,High-high,1.0171626483626572,0.8715161760833675,0.14564647227928973,108,FALSE
Physical vs haptic,110,Hadden Park,Physical access,Haptic access,0.12732019682148246,0.3279058520646511,0.19230268372820103,0.37501999803951636,Low,Low,LL,Low-low,-0.7174783875420162,-0.11328299825586981,0.6041953892861464,83,FALSE
Physical vs haptic,111,Vanier Park,Physical access,Haptic access,0.11661419911096184,0.4454690013461079,0.19230268372820103,0.37501999803951636,Low,High,LH,Low-high,-0.7861976077665316,0.7747116881209809,1.5609092958875124,29,FALSE
Physical vs haptic,112,George Wainborn Park,Physical access,Haptic access,0.5831230455108648,0.4109809630528401,0.19230268372820103,0.37501999803951636,High,High,HH,High-high,2.208210295098657,0.5142117360938054,1.6939985590048514,22,FALSE
Physical vs haptic,113,Habitat Island Park,Physical access,Haptic access,0.33584417078210427,0.5354324457108353,0.19230268372820103,0.37501999803951636,High,High,HH,High-high,0.6209867677988635,1.454236361050425,0.8332495932515614,70,FALSE
Physical vs haptic,114,CRAB Park at Portside,Physical access,Haptic access,0.39055993260891153,0.3278107654631854,0.19230268372820103,0.37501999803951636,High,Low,HL,High-low,0.9721940619152805,-0.11400121988708058,1.086195281802361,55,FALSE
Physical vs haptic,115,Volunteer Park,Physical access,Haptic access,0.19441198256860728,0.197278463811733,0.19230268372820103,0.37501999803951636,High,Low,HL,High-low,-0.2868323772704082,-1.099956351027079,0.8131239737566707,73,FALSE
Physical vs haptic,116,LYNN CANYON PARK,Physical access,Haptic access,0.32613774938332185,0.4562419927823264,0.19230268372820103,0.37501999803951636,High,High,HH,High-high,0.558683587121045,0.8560837780166218,0.2974001908955768,98,FALSE
Physical vs haptic,118,Maple Ridge Park,Physical access,Haptic access,0.17141026981141494,0.3448119063249294,0.19230268372820103,0.37501999803951636,Low,Low,LL,Low-low,-0.43447483033662326,0.014414213348972506,0.4488890436855958,94,FALSE
Physical vs haptic,119,Galette Park,Physical access,Haptic access,0.0895521656265059,0.3377746936107095,0.19230268372820103,0.37501999803951636,Low,Low,LL,Low-low,-0.9599022814480938,-0.038740261801826804,0.921162019646267,64,FALSE
Physical vs haptic,120,Town Centre Park,Physical access,Haptic access,0.5515370628544324,0.3872646102555562,0.19230268372820103,0.37501999803951636,High,High,HH,High-high,2.005467481503421,0.33507400974890006,1.670393471754521,23,FALSE
Physical vs haptic,121,Como Lake Park,Physical access,Haptic access,0.3031754019339974,0.2894981662508613,0.19230268372820103,0.37501999803951636,High,Low,HL,High-low,0.41129381048291486,-0.40338938896699744,0.8146831994499123,72,FALSE
Physical vs haptic,122,Oxley Street Park,Physical access,Haptic access,0.1805676118640685,0.0799761913993068,0.19230268372820103,0.37501999803951636,Low,Low,LL,Low-low,-0.3756960577081622,-1.985980545162835,1.6102844874546727,26,FALSE
Physical vs haptic,123,Latimer Park,Physical access,Haptic access,0.1311765721555443,0.2236037658471934,0.19230268372820103,0.37501999803951636,Low,Low,LL,Low-low,-0.6927252432751007,-0.9011123385313901,0.2083870952562894,104,FALSE
Physical vs haptic,125,Seymour River Heritage Park,Physical access,Haptic access,0.08490566037735849,0.499072117968219,0.19230268372820103,0.37501999803951636,Low,High,LH,Low-high,-0.9897270792973176,1.179594366278201,2.1693214455755188,12,FALSE
Physical vs haptic,126,Capilano River Regional Park,Physical access,Haptic access,0.198607201620196,0.3819841569456954,0.19230268372820103,0.37501999803951636,High,High,HH,High-high,-0.25990427680828065,0.2951889393890415,0.5550932161973221,86,FALSE
Physical vs haptic,127,Klee Wyck Park - DNV,Physical access,Haptic access,0.0746927224846371,0.3731753633221092,0.19230268372820103,0.37501999803951636,Low,Low,LL,Low-low,-1.0552814673296955,0.22865310754935644,1.283934574879052,48,FALSE
Physical vs haptic,128,Klee Wyck Park - DWV,Physical access,Haptic access,0.09392770785859632,0.2761907667253142,0.19230268372820103,0.37501999803951636,Low,Low,LL,Low-low,-0.9318167299302552,-0.5039047302146951,0.42791199971556015,95,FALSE
Physical vs haptic,129,Cross's Cabins,Physical access,Haptic access,0.0756075829088142,0.3860663840695575,0.19230268372820103,0.37501999803951636,Low,High,LH,Low-high,-1.0494091986571608,0.32602339743757897,1.3754325960947398,40,FALSE
Physical vs haptic,130,Davidson's Pool,Physical access,Haptic access,0.03905320846939258,0.2044062998383107,0.19230268372820103,0.37501999803951636,Low,Low,LL,Low-low,-1.28404292221975,-1.0461173669946493,0.23792555522510073,102,FALSE
Physical vs haptic,131,Coquitlam River Greenway and Natural Areas,Physical access,Haptic access,0.09907171237832008,0.4264449387198979,0.19230268372820103,0.37501999803951636,Low,High,LH,Low-high,-0.8987986041109841,0.6310164347305592,1.5298150388415435,33,FALSE
Physical vs haptic,132,Hockaday Park,Physical access,Haptic access,0.08252848650934203,0.1207639179039188,0.19230268372820103,0.37501999803951636,Low,Low,LL,Low-low,-1.0049855856939383,-1.677896892871627,0.6729113071776887,82,FALSE
Physical vs haptic,134,Marina Park,Physical access,Haptic access,0.08439522686813475,0.4452438740529816,0.19230268372820103,0.37501999803951636,Low,High,LH,Low-high,-0.9930034290293793,0.7730112246570774,1.7660146536864567,19,FALSE
Physical vs haptic,135,Bedford Channel Landing,Physical access,Haptic access,0.11322609106209192,0.3450862103922263,0.19230268372820103,0.37501999803951636,Low,Low,LL,Low-low,-0.8079450571355847,0.016486125812188727,0.8244311829477735,71,FALSE
Physical vs haptic,136,Westwood Park,Physical access,Haptic access,0.277231341144887,0.4496801680928085,0.19230268372820103,0.37501999803951636,High,High,HH,High-high,0.24476513421268684,0.806520071252708,0.5617549370400211,84,FALSE
Physical vs haptic,137,Klootchman Park,Physical access,Haptic access,0.09096040894091108,0.4256048479206557,0.19230268372820103,0.37501999803951636,Low,High,LH,Low-high,-0.9508631068593293,0.6246709415180972,1.5755340483774265,28,FALSE
Physical vs haptic,138,John Lawson Park,Physical access,Haptic access,0.4015446340334604,0.2979938691398393,0.19230268372820103,0.37501999803951636,High,Low,HL,High-low,1.0427022141403022,-0.33921843855814465,1.3819206526984469,38,FALSE
Physical vs haptic,139,Elgin Heritage Park,Physical access,Haptic access,0.12600438387839982,0.342367964280744,0.19230268372820103,0.37501999803951636,Low,Low,LL,Low-low,-0.7259242738437766,-0.004045717014528984,0.7218785568292476,78,FALSE
Physical vs haptic,140,National Park,Physical access,Haptic access,0.05321834165642424,0.3409454365214969,0.19230268372820103,0.37501999803951636,Low,Low,LL,Low-low,-1.1931203446786902,-0.014790555845026792,1.1783297888336635,52,FALSE
Physical vs haptic,141,Deep Cove Park,Physical access,Haptic access,0.2622336926271273,0.3636504511827688,0.19230268372820103,0.37501999803951636,High,Low,HL,High-low,0.1484988413169743,0.1567081875668943,0.008209346249920008,114,FALSE
Physical vs haptic,142,Strathcona Park,Physical access,Haptic access,0.0619349180707778,0.0757436359590367,0.19230268372820103,0.37501999803951636,Low,Low,LL,Low-low,-1.1371707405018507,-2.0179504844144374,0.8807797439125866,68,FALSE
Physical vs haptic,143,Hume Park,Physical access,Haptic access,0.36197380036503185,0.3856141397148036,0.19230268372820103,0.37501999803951636,High,High,HH,High-high,0.7887065654530043,0.32260744110755646,0.46609912434544787,93,FALSE
Physical vs haptic,144,Park Site on South East False Creek (Hinge Park),Physical access,Haptic access,0.660377358490566,0.0895186357482314,0.19230268372820103,0.37501999803951636,High,Low,HL,High-low,2.704087119519121,-1.913903198403391,4.617990317922512,1,TRUE
Physical vs haptic,145,"Stanley Park (Seawall, Second Beach, Third Beach)",Physical access,Haptic access,0.19939639383402316,0.4992180940839518,0.19230268372820103,0.37501999803951636,High,High,HH,High-high,-0.2548386421044577,1.1806969738206234,1.4355356159250812,35,FALSE
Physical vs haptic,146,Lost Lagoon,Physical access,Haptic access,0.2722300960167836,0.4264696809345809,0.19230268372820103,0.37501999803951636,High,High,HH,High-high,0.21266334653742963,0.6312033211426871,0.41853997460525744,96,FALSE
Physical vs haptic,147,Beaver Lake,Physical access,Haptic access,0.0977648929411352,0.3247986434274683,0.19230268372820103,0.37501999803951636,Low,Low,LL,Low-low,-0.9071867632649259,-0.1367528081082486,0.7704339551566772,76,FALSE
Physical vs visual,2,Drummond Walk Dog off leash trail,Physical access,Visual access,0.08192907861458498,0.8455282390624564,0.19230268372820103,0.3496477520593829,Low,High,LH,Low-high,-1.0088330405727717,1.2792843903609277,2.288117430933699,9,FALSE
Physical vs visual,6,Burnaby Fraser Foreshore Park,Physical access,Visual access,0.22730246489765135,0.1727387037712925,0.19230268372820103,0.3496477520593829,High,Low,HL,High-low,-0.0757162945311938,-0.7451241022999676,0.6694078077687738,77,FALSE
Physical vs visual,7,Deer lake (lakefront),Physical access,Visual access,0.3208954445253507,0.994904881277802,0.19230268372820103,0.3496477520593829,High,High,HH,High-high,0.5250344951111562,1.7287553277693757,1.2037208326582194,47,FALSE
Physical vs visual,8,Burnaby Lake,Physical access,Visual access,0.2065336942999677,0.9712974466865992,0.19230268372820103,0.3496477520593829,High,High,HH,High-high,-0.2090260297922206,1.6577210911032467,1.8667471208954673,22,FALSE
Physical vs visual,10,Kings Mill Walk Park,Physical access,Visual access,0.06639929501553218,0.3838644196125591,0.19230268372820103,0.3496477520593829,Low,High,LH,Low-high,-1.1085149803637415,-0.10985159916389753,0.998663381199844,57,FALSE
Physical vs visual,11,Waterfront Park,Physical access,Visual access,0.5055081130738598,0.24718921839253677,0.19230268372820103,0.3496477520593829,High,Low,HL,High-low,1.7100187412551373,-0.5211041879340366,2.2311229291891737,11,FALSE
Physical vs visual,12,Lynnmouth Park (riverfront),Physical access,Visual access,0.37001711200995574,0.23778137184615797,0.19230268372820103,0.3496477520593829,High,Low,HL,High-low,0.8403346452646387,-0.5494121853791774,1.389746830643816,39,FALSE
Physical vs visual,13,Spanish Banks Beach Park and Extension,Physical access,Visual access,0.1402030647872526,0.8668715258411281,0.19230268372820103,0.3496477520593829,Low,High,LH,Low-high,-0.634786361558007,1.3435058574759609,1.978292219033968,17,FALSE
Physical vs visual,14,Locarno Beach Park,Physical access,Visual access,0.17701687812323236,0.8507385951553779,0.19230268372820103,0.3496477520593829,Low,High,LH,Low-high,-0.3984873622173494,1.2949622339821616,1.6934495961995109,29,FALSE
Physical vs visual,15,Jericho Beach Park,Physical access,Visual access,0.2149703866910242,0.9090480181924928,0.19230268372820103,0.3496477520593829,High,High,HH,High-high,-0.15487293373674693,1.4704139688956768,1.6252869026324237,31,FALSE
Physical vs visual,16,Kitsilano Beach Park,Physical access,Visual access,0.28395933224338543,0.909775933934774,0.19230268372820103,0.3496477520593829,High,High,HH,High-high,0.28795048829808473,1.4726042508981723,1.1846537626000875,48,FALSE
Physical vs visual,17,Sunset Beach Park,Physical access,Visual access,0.5688698183894384,0.4926248849324661,0.19230268372820103,0.3496477520593829,High,High,HH,High-high,2.116722263814583,0.21740618073614915,1.8993160830784337,20,FALSE
Physical vs visual,18,English Bay Beach Park,Physical access,Visual access,0.5005828490204501,0.8224692441534524,0.19230268372820103,0.3496477520593829,High,High,HH,High-high,1.6784046577944667,1.209900396292396,0.4685042615020707,86,FALSE
Physical vs visual,21,John Hendry (Trout Lake) Park,Physical access,Visual access,0.38394382309172514,0.9957585720577378,0.19230268372820103,0.3496477520593829,High,High,HH,High-high,0.9297268487480049,1.7313240640150431,0.8015972152670382,69,FALSE
Physical vs visual,22,Don Roberts Park,Physical access,Visual access,0.13341571697455556,0.02929494707122,0.19230268372820103,0.3496477520593829,Low,Low,LL,Low-low,-0.6783527120927887,-1.1767431213995112,0.4983904093067225,84,FALSE
Physical vs visual,24,Maquabeak Park,Physical access,Visual access,0.17719112809357696,9.0119552239862e-4,0.19230268372820103,0.3496477520593829,Low,Low,LL,Low-low,-0.397368893634598,-1.2621792775208478,0.8648103838862498,66,FALSE
Physical vs visual,25,Coquitlam River Park,Physical access,Visual access,0.3904805622597937,0.02517318117251796,0.19230268372820103,0.3496477520593829,High,Low,HL,High-low,0.9716846027646434,-1.1891454217511084,2.160830024515752,12,FALSE
Physical vs visual,26,Captain's Cove Park,Physical access,Visual access,0.2668806302730855,0.1901267643171808,0.19230268372820103,0.3496477520593829,High,Low,HL,High-low,0.1783264146171617,-0.692803821449041,0.8711302360662027,65,FALSE
Physical vs visual,31,Fred Gingell Park,Physical access,Visual access,0.1606334096839443,0.9274596394210974,0.19230268372820103,0.3496477520593829,Low,High,LH,Low-high,-0.503648899344755,1.5258141206871463,2.0294630200319013,15,FALSE
Physical vs visual,32,Panorama Park,Physical access,Visual access,0.25856611619321296,0.36100629616022367,0.19230268372820103,0.3496477520593829,High,High,HH,High-high,0.12495755170837161,-0.17863117556318403,0.3035887272715556,92,FALSE
Physical vs visual,33,Lowry Lane Waterfront Park,Physical access,Visual access,0.13449955536088273,0.4097418739805615,0.19230268372820103,0.3496477520593829,Low,High,LH,Low-high,-0.6713958145880742,-0.03198692433901727,0.6394088902490569,79,FALSE
Physical vs visual,35,Deep Cove’s Parkside Beach,Physical access,Visual access,0.2398885193560112,0.28145191270613407,0.19230268372820103,0.3496477520593829,High,Low,HL,High-low,0.005070557051246351,-0.418008515793606,0.42307907284485236,87,FALSE
Physical vs visual,36,Seylynn Park,Physical access,Visual access,0.42398441510286367,0.07283055175947716,0.19230268372820103,0.3496477520593829,High,Low,HL,High-low,1.1867377630721772,-1.0457454717022794,2.2324832347744565,10,FALSE
Physical vs visual,37,Cates Park,Physical access,Visual access,0.17066109875098529,0.611667233034469,0.19230268372820103,0.3496477520593829,Low,High,LH,Low-high,-0.4392835788979001,0.5756019133432202,1.0148854922411203,55,FALSE
Physical vs visual,38,Harbourview Park (riverfront),Physical access,Visual access,0.12895447142304228,0.20238943926572683,0.19230268372820103,0.3496477520593829,Low,Low,LL,Low-low,-0.7069883725720373,-0.6559057099202503,0.05108266265178696,112,FALSE
Physical vs visual,39,Bridgman Park,Physical access,Visual access,0.3423537547150115,0.13291859942219458,0.19230268372820103,0.3496477520593829,High,Low,HL,High-low,0.662770218902709,-0.864941895524219,1.5277121144269281,33,FALSE
Physical vs visual,40,Brookswood Pond,Physical access,Visual access,0.10485144071768776,0.09711835856889382,0.19230268372820103,0.3496477520593829,Low,Low,LL,Low-low,-0.861699920239552,-0.9726640104221013,0.11096409018254927,107,FALSE
Physical vs visual,42,Emmeline Mohun Park (riverfro,Physical access,Visual access,0.10576867976093088,0.11702113583433164,0.19230268372820103,0.3496477520593829,Low,Low,LL,Low-low,-0.8558123837842427,-0.9127770038469267,0.05696462006268399,111,FALSE
Physical vs visual,43,Port Haney Wharf,Physical access,Visual access,0.2990643214357327,0.08257704590952554,0.19230268372820103,0.3496477520593829,High,Low,HL,High-low,0.3849057751255615,-1.0164184912781729,1.4013242664037344,38,FALSE
Physical vs visual,44,"Pacific Spirit Regional Park (Acadia, Tower, and Wreck Beaches combined)",Physical access,Visual access,0.07924665215561143,0.8804355879191825,0.19230268372820103,0.3496477520593829,Low,High,LH,Low-high,-1.0260508898152694,1.3843198134390384,2.4103707032543076,8,FALSE
Physical vs visual,46,Pitt River Regional Greenway at Harris Rd & fraser Way,Physical access,Visual access,0.06321513162564767,0.32729769981523127,0.19230268372820103,0.3496477520593829,Low,Low,LL,Low-low,-1.1289533580971207,-0.28005957945021587,0.8488937786469049,67,FALSE
Physical vs visual,49,Kanaka Creek Regional Park (riverfront) 1,Physical access,Visual access,0.27930502547380687,0.7213964349303852,0.19230268372820103,0.3496477520593829,High,High,HH,High-high,0.2580756143686031,0.9057745996868928,0.6476989853182897,78,FALSE
Physical vs visual,50,Sapperton Landing Park,Physical access,Visual access,0.34215132443483626,0.6281889561523821,0.19230268372820103,0.3496477520593829,High,High,HH,High-high,0.661470867699803,0.6253154044706057,0.03615546322919727,113,FALSE
Physical vs visual,53,Quayside Park,Physical access,Visual access,0.2472726896555076,0.33732903544335974,0.19230268372820103,0.3496477520593829,High,Low,HL,High-low,0.052467767354007065,-0.2498755174619054,0.30234328481591244,93,FALSE
Physical vs visual,54,Waterfront Esplanade and Park,Physical access,Visual access,0.2931400345611894,0.4232628440129343,0.19230268372820103,0.3496477520593829,High,High,HH,High-high,0.3468792048410487,0.008697368633380314,0.3381818362076684,90,FALSE
Physical vs visual,55,Westminster Pier Park,Physical access,Visual access,0.34881537975205096,0.3789119434714681,0.19230268372820103,0.3496477520593829,High,High,HH,High-high,0.7042458334072972,-0.12475348784352185,0.828999321250819,68,FALSE
Physical vs visual,56,Citadel Landing & Traboulay Trail,Physical access,Visual access,0.1777072044391556,0.23171159996754423,0.19230268372820103,0.3496477520593829,Low,Low,LL,Low-low,-0.3940563238953357,-0.5676759916588963,0.17361966776356058,104,FALSE
Physical vs visual,57,Dominion Park,Physical access,Visual access,0.08706266027028166,0.5037478612569574,0.19230268372820103,0.3496477520593829,Low,High,LH,Low-high,-0.9758818166068182,0.2508749648860413,1.2267567814928595,46,FALSE
Physical vs visual,58,Lions Park,Physical access,Visual access,0.4864034308177989,0.01939190871231405,0.19230268372820103,0.3496477520593829,High,Low,HL,High-low,1.5873903881794111,-1.2065411398069166,2.7939315279863277,4,TRUE
Physical vs visual,59,Shaughnessy Park,Physical access,Visual access,0.3693964824422945,0.05707957444715885,0.19230268372820103,0.3496477520593829,High,Low,HL,High-low,0.8363509735797432,-1.0931398061355087,1.9294907797152518,19,FALSE
Physical vs visual,61,Rocky  Point Park,Physical access,Visual access,0.511968483850032,0.9266397676227408,0.19230268372820103,0.3496477520593829,High,High,HH,High-high,1.7514863049613707,1.5233471449920386,0.2281391599693321,99,FALSE
Physical vs visual,62,Old Orchard Park,Physical access,Visual access,0.18248426259257472,0.7216932304175284,0.19230268372820103,0.3496477520593829,Low,High,LH,Low-high,-0.3633935384038412,0.9066676505939586,1.2700611889977997,44,FALSE
Physical vs visual,63,Old Mill Site Park,Physical access,Visual access,0.1364296694045122,0.8281694292974966,0.19230268372820103,0.3496477520593829,Low,High,LH,Low-high,-0.6590068775072953,1.227052124448139,1.8860590019554342,21,FALSE
Physical vs visual,64,Terra Nova Park 1,Physical access,Visual access,0.10051015247527947,0.6254963602717881,0.19230268372820103,0.3496477520593829,Low,High,LH,Low-high,-0.8895656036494214,0.6172134443745421,1.5067790480239633,35,FALSE
Physical vs visual,65,Tait Waterfront,Physical access,Visual access,0.07096270892251404,0.3613597052777643,0.19230268372820103,0.3496477520593829,Low,High,LH,Low-high,-1.0792235258231395,-0.17756777552289746,0.901655750300242,62,FALSE
Physical vs visual,67,Imperial Landing Park,Physical access,Visual access,0.28650133956343354,0.20140077341978524,0.19230268372820103,0.3496477520593829,High,Low,HL,High-low,0.3042670209148493,-0.6588805830862869,0.9631476040011362,59,FALSE
Physical vs visual,68,North Arm Dyke (riverfront),Physical access,Visual access,0.2034475826589227,0.7665840885369889,0.19230268372820103,0.3496477520593829,High,High,HH,High-high,-0.22883503697050614,1.041743227208779,1.270578264179285,43,FALSE
Physical vs visual,70,Crescent Beach 1,Physical access,Visual access,0.1460759016800114,0.8298061623191196,0.19230268372820103,0.3496477520593829,Low,High,LH,Low-high,-0.5970900363122469,1.23197701708601,1.829067053398257,25,FALSE
Physical vs visual,72,Horseshoe Bay Park,Physical access,Visual access,0.2950063191924845,0.24949745200158027,0.19230268372820103,0.3496477520593829,High,Low,HL,High-low,0.3588584363005852,-0.5141587652184905,0.8730172015190757,63,FALSE
Physical vs visual,73,Centennial Seawalk,Physical access,Visual access,0.36594653970198365,0.9151971000252628,0.19230268372820103,0.3496477520593829,High,High,HH,High-high,0.8142066222223338,1.4889164170333982,0.6747097948110644,76,FALSE
Physical vs visual,74,West Bay Park,Physical access,Visual access,0.1692220661823276,0.29441868266752774,0.19230268372820103,0.3496477520593829,Low,Low,LL,Low-low,-0.4485203822925674,-0.37899179829834156,0.06952858399422585,109,FALSE
Physical vs visual,75,Erwin Park,Physical access,Visual access,0.11472820591069102,0.7621306780882022,0.19230268372820103,0.3496477520593829,Low,High,LH,Low-high,-0.798303343782521,1.0283430159080387,1.8266463596905598,26,FALSE
Physical vs visual,76,Caulfield Park 1,Physical access,Visual access,0.15232398412830866,0.8858782502270036,0.19230268372820103,0.3496477520593829,Low,High,LH,Low-high,-0.556985100242296,1.4006966612059555,1.9576817614482516,18,FALSE
Physical vs visual,77,Gulf Beach Park,Physical access,Visual access,0.1470834655009328,0.48152760261646327,0.19230268372820103,0.3496477520593829,Low,High,LH,Low-high,-0.5906227268682973,0.18401470927658004,0.7746374361448773,71,FALSE
Physical vs visual,78,Eagle Harbour Beach Park,Physical access,Visual access,0.19019338488779475,0.23269573455428225,0.19230268372820103,0.3496477520593829,Low,Low,LL,Low-low,-0.31391053952160203,-0.5647147529493026,0.2508042134277006,97,FALSE
Physical vs visual,79,Larson Bay Park,Physical access,Visual access,0.0865712522019853,0.35184533580897354,0.19230268372820103,0.3496477520593829,Low,High,LH,Low-high,-0.9790360466168037,-0.20619629803194323,0.7728397485848604,72,FALSE
Physical vs visual,80,Bellevue Ave Park,Physical access,Visual access,0.24201560131821315,0.00267510010664751,0.19230268372820103,0.3496477520593829,High,Low,HL,High-low,0.01872378375168833,-1.2568416387539645,1.2755654225056527,42,FALSE
Physical vs visual,82,Stearman Beach,Physical access,Visual access,0.08505236692807656,0.6579542162776447,0.19230268372820103,0.3496477520593829,Low,High,LH,Low-high,-0.9887854052899275,0.7148783988738477,1.7036638041637753,28,FALSE
Physical vs visual,83,Parthenon Park (aka Balmy Beach),Physical access,Visual access,0.08799996248358327,0.16063474546672257,0.19230268372820103,0.3496477520593829,Low,Low,LL,Low-low,-0.9698654994961293,-0.7815446390373298,0.18832086045879948,103,FALSE
Physical vs visual,84,Whytecliff Park 1,Physical access,Visual access,0.08927856920592284,0.7657459265584321,0.19230268372820103,0.3496477520593829,Low,High,LH,Low-high,-0.9616584309623247,1.039221216775187,2.000879647737512,16,FALSE
Physical vs visual,85,Altamont Beach Park,Physical access,Visual access,0.2361291567031874,0.734221872770708,0.19230268372820103,0.3496477520593829,High,High,HH,High-high,-0.019059886185197532,0.9443660520268992,0.9634259382120967,58,FALSE
Physical vs visual,86,Sandy Cove Park,Physical access,Visual access,0.1579688943230133,0.5629040298758016,0.19230268372820103,0.3496477520593829,Low,High,LH,Low-high,-0.5207517815637086,0.4288745381009265,0.9496263196646351,60,FALSE
Physical vs visual,87,Kew Beach Park,Physical access,Visual access,0.11163901840303972,0.49721107697980765,0.19230268372820103,0.3496477520593829,Low,High,LH,Low-high,-0.8181320942075748,0.23120592886331665,1.0493380230708915,53,FALSE
Physical vs visual,88,Garrow Bay Park,Physical access,Visual access,0.12491703848577693,0.311037213219169,0.19230268372820103,0.3496477520593829,Low,Low,LL,Low-low,-0.732903681977064,-0.32898701579272854,0.40391666618433547,88,FALSE
Physical vs visual,89,Citrus Park,Physical access,Visual access,0.2752620073833523,1,0.19230268372820103,0.3496477520593829,High,High,HH,High-high,0.2321244552107207,1.744086424748863,1.5119619695381423,34,FALSE
Physical vs visual,90,Dundarave Park,Physical access,Visual access,0.43665181317797863,0.9406179805547256,0.19230268372820103,0.3496477520593829,High,High,HH,High-high,1.2680467397348574,1.5654072715061733,0.29736053177131594,94,FALSE
Physical vs visual,91,Ambleside Park 1,Physical access,Visual access,0.43643297764261935,0.8880561058727884,0.19230268372820103,0.3496477520593829,High,High,HH,High-high,1.2666420871509578,1.4072497795793086,0.1406076924283508,106,FALSE
Physical vs visual,93,Memorial Park (including Totem Park parcel),Physical access,Visual access,0.5861941651845751,0.80919301099710494,0.19230268372820103,0.3496477520593829,High,High,HH,High-high,2.2279230724501926,1.1699525110438176,1.057970561406375,52,FALSE
Physical vs visual,97,Maplewood Farm,Physical access,Visual access,0.33513782391163716,0.06315163322510865,0.19230268372820103,0.3496477520593829,High,Low,HL,High-low,0.616452897396591,-1.0748691186274189,1.6913220160240099,30,FALSE
Physical vs visual,98,Sutcliffe Park,Physical access,Visual access,0.4480148263804059,0.02944354655326294,0.19230268372820103,0.3496477520593829,High,Low,HL,High-low,1.3409831841266153,-1.1762959889194815,2.517279173046097,5,TRUE
Physical vs visual,99,Gladstone-Riverside Park,Physical access,Visual access,0.1976286167284997,0.6664439704168154,0.19230268372820103,0.3496477520593829,High,High,HH,High-high,-0.2661855774865703,0.740423877033674,1.0066094545202442,56,FALSE
Physical vs visual,100,Kinross Corridor – South,Physical access,Visual access,0.16820553880419614,0.02845156120933686,0.19230268372820103,0.3496477520593829,Low,Low,LL,Low-low,-0.4550452266509236,-1.179280850379864,0.7242356237289403,73,FALSE
Physical vs visual,101,New Brighton Park,Physical access,Visual access,0.09668957829802576,0.34745016830979225,0.19230268372820103,0.3496477520593829,Low,Low,LL,Low-low,-0.9140889489152991,-0.21942125761482245,0.6946676913004767,74,FALSE
Physical vs visual,102,David Lam Park,Physical access,Visual access,0.5479418452321281,0.2568757754612278,0.19230268372820103,0.3496477520593829,High,Low,HL,High-low,1.9823906456752753,-0.4919575568319103,2.4743482025071857,7,FALSE
Physical vs visual,103,Coopers' Park,Physical access,Visual access,0.6331176222820895,0.23211186939621284,0.19230268372820103,0.3496477520593829,High,Low,HL,High-low,2.5291134396787394,-0.5664715900024427,3.095585029681182,3,TRUE
Physical vs visual,104,Creekside Park,Physical access,Visual access,0.6952169468143159,0.5621929193675169,0.19230268372820103,0.3496477520593829,High,High,HH,High-high,2.927714044097905,0.4267348226673789,2.500979221430526,6,FALSE
Physical vs visual,105,Riverfront Park,Physical access,Visual access,0.17124942925001177,0.6196481664973181,0.19230268372820103,0.3496477520593829,Low,High,LH,Low-high,-0.4355072271537118,0.5996163615979201,1.035123588751632,54,FALSE
Physical vs visual,106,Deering Island Park,Physical access,Visual access,0.06611359981044786,0.24362601938704495,0.19230268372820103,0.3496477520593829,Low,Low,LL,Low-low,-1.1103487890610837,-0.5318257731391881,0.5785230159218956,81,FALSE
Physical vs visual,108,Charleson Park,Physical access,Visual access,0.3975657394556431,0.53404762248454,0.19230268372820103,0.3496477520593829,High,High,HH,High-high,1.0171626483626572,0.3420462610153275,0.6751163873473298,75,FALSE
Physical vs visual,110,Hadden Park,Physical access,Visual access,0.12732019682148246,0.7956294510767172,0.19230268372820103,0.3496477520593829,Low,High,LH,Low-high,-0.7174783875420162,1.1291400660618,1.8466184536038162,24,FALSE
Physical vs visual,111,Vanier Park,Physical access,Visual access,0.11661419911096184,0.5785795191790821,0.19230268372820103,0.3496477520593829,Low,High,LH,Low-high,-0.7861976077665316,0.47604173082255946,1.262239338589091,45,FALSE
Physical vs visual,112,George Wainborn Park,Physical access,Visual access,0.5831230455108648,0.10920897328215436,0.19230268372820103,0.3496477520593829,High,Low,HL,High-low,2.208210295098657,-0.9362836242491465,3.1444939193478034,2,TRUE
Physical vs visual,113,Habitat Island Park,Physical access,Visual access,0.33584417078210427,0.10527612819960272,0.19230268372820103,0.3496477520593829,High,Low,HL,High-low,0.6209867677988635,-0.948117466138485,1.5691042339373484,32,FALSE
Physical vs visual,114,CRAB Park at Portside,Physical access,Visual access,0.39055993260891153,0.25782532193849594,0.19230268372820103,0.3496477520593829,High,Low,HL,High-low,0.9721940619152805,-0.4891003929613011,1.4612944548765816,37,FALSE
Physical vs visual,115,Volunteer Park,Physical access,Visual access,0.19441198256860728,0.24727035493611935,0.19230268372820103,0.3496477520593829,High,Low,HL,High-low,-0.2868323772704082,-0.5208600499097693,0.23402767263936108,98,FALSE
Physical vs visual,116,LYNN CANYON PARK,Physical access,Visual access,0.32613774938332185,0.00192935046045704,0.19230268372820103,0.3496477520593829,High,Low,HL,High-low,0.558683587121045,-1.259085582569906,1.8177691696909513,27,FALSE
Physical vs visual,118,Maple Ridge Park,Physical access,Visual access,0.17141026981141494,0.01466741870765499,0.19230268372820103,0.3496477520593829,Low,Low,LL,Low-low,-0.43447483033662326,-1.2207570233592435,0.7862821930226203,70,FALSE
Physical vs visual,119,Galette Park,Physical access,Visual access,0.0895521656265059,0.02707990077664832,0.19230268372820103,0.3496477520593829,Low,Low,LL,Low-low,-0.9599022814480938,-1.1834081455937824,0.22350586414568863,100,FALSE
Physical vs visual,120,Town Centre Park,Physical access,Visual access,0.5515370628544324,0.773819304708096,0.19230268372820103,0.3496477520593829,High,High,HH,High-high,2.005467481503421,1.063513829001341,0.94195365250208,61,FALSE
Physical vs visual,121,Como Lake Park,Physical access,Visual access,0.3031754019339974,0.9483420892338362,0.19230268372820103,0.3496477520593829,High,High,HH,High-high,0.41129381048291486,1.5886489397961836,1.1773551293132687,49,FALSE
Physical vs visual,122,Oxley Street Park,Physical access,Visual access,0.1805676118640685,0.7530912451557595,0.19230268372820103,0.3496477520593829,Low,High,LH,Low-high,-0.3756960577081622,1.001143566693425,1.3768396244015872,40,FALSE
Physical vs visual,123,Latimer Park,Physical access,Visual access,0.1311765721555443,0.02369782311371055,0.19230268372820103,0.3496477520593829,Low,Low,LL,Low-low,-0.6927252432751007,-1.1935847407762963,0.5008594975011956,83,FALSE
Physical vs visual,125,Seymour River Heritage Park,Physical access,Visual access,0.08490566037735849,0.05750992652887305,0.19230268372820103,0.3496477520593829,Low,Low,LL,Low-low,-0.9897270792973176,-1.0918448864565342,0.10211780715921659,108,FALSE
Physical vs visual,126,Capilano River Regional Park,Physical access,Visual access,0.198607201620196,0.1428776877296237,0.19230268372820103,0.3496477520593829,High,Low,HL,High-low,-0.25990427680828065,-0.8349752240896016,0.5750709472813209,82,FALSE
Physical vs visual,127,Klee Wyck Park - DNV,Physical access,Visual access,0.0746927224846371,0,0.19230268372820103,0.3496477520593829,Low,Low,LL,Low-low,-1.0552814673296955,-1.2648909544619915,0.209609487132296,102,FALSE
Physical vs visual,128,Klee Wyck Park - DWV,Physical access,Visual access,0.09392770785859632,1.2081741271681e-4,0.19230268372820103,0.3496477520593829,Low,Low,LL,Low-low,-0.9318167299302552,-1.2645274176001118,0.33271068766985656,91,FALSE
Physical vs visual,129,Cross's Cabins,Physical access,Visual access,0.0756075829088142,0.01934493746211317,0.19230268372820103,0.3496477520593829,Low,Low,LL,Low-low,-1.0494091986571608,-1.2066824752362442,0.1572732765790834,105,FALSE
Physical vs visual,130,Davidson's Pool,Physical access,Visual access,0.03905320846939258,0.00289731745196696,0.19230268372820103,0.3496477520593829,Low,Low,LL,Low-low,-1.28404292221975,-1.25617299178863,0.02786993043112007,114,FALSE
Physical vs visual,131,Coquitlam River Greenway and Natural Areas,Physical access,Visual access,0.09907171237832008,0.04888510228965477,0.19230268372820103,0.3496477520593829,Low,Low,LL,Low-low,-0.8987986041109841,-1.1177967874920116,0.2189981833810275,101,FALSE
Physical vs visual,132,Hockaday Park,Physical access,Visual access,0.08252848650934203,0,0.19230268372820103,0.3496477520593829,Low,Low,LL,Low-low,-1.0049855856939383,-1.2648909544619915,0.25990536876805326,95,FALSE
Physical vs visual,134,Marina Park,Physical access,Visual access,0.08439522686813475,0.7075445695342936,0.19230268372820103,0.3496477520593829,Low,High,LH,Low-high,-0.9930034290293793,0.8640946500501795,1.8570980790795588,23,FALSE
Physical vs visual,135,Bedford Channel Landing,Physical access,Visual access,0.11322609106209192,0.4419232382378495,0.19230268372820103,0.3496477520593829,Low,High,LH,Low-high,-0.8079450571355847,0.06484607274330709,0.8727911298788918,64,FALSE
Physical vs visual,136,Westwood Park,Physical access,Visual access,0.277231341144887,0.06152625280036439,0.19230268372820103,0.3496477520593829,High,Low,HL,High-low,0.24476513421268684,-1.0797598515580866,1.3245249857707735,41,FALSE
Physical vs visual,137,Klootchman Park,Physical access,Visual access,0.09096040894091108,0.7847117988507498,0.19230268372820103,0.3496477520593829,Low,High,LH,Low-high,-0.9508631068593293,1.096289097479773,2.047152204339102,14,FALSE
Physical vs visual,138,John Lawson Park,Physical access,Visual access,0.4015446340334604,0.8508836575103951,0.19230268372820103,0.3496477520593829,High,High,HH,High-high,1.0427022141403022,1.2953987233269835,0.2526965091866813,96,FALSE
Physical vs visual,139,Elgin Heritage Park,Physical access,Visual access,0.12600438387839982,0.532183753635991,0.19230268372820103,0.3496477520593829,Low,High,LH,Low-high,-0.7259242738437766,0.3364379218122279,1.0623621956560045,51,FALSE
Physical vs visual,140,National Park,Physical access,Visual access,0.05321834165642424,0.00371044211317373,0.19230268372820103,0.3496477520593829,Low,Low,LL,Low-low,-1.1931203446786902,-1.2537263180765803,0.06060597339789009,110,FALSE
Physical vs visual,141,Deep Cove Park,Physical access,Visual access,0.2622336926271273,0.30910535459026633,0.19230268372820103,0.3496477520593829,High,Low,HL,High-low,0.1484988413169743,-0.33479993470693,0.48329877602390425,85,FALSE
Physical vs visual,142,Strathcona Park,Physical access,Visual access,0.0619349180707778,0.2382810823503789,0.19230268372820103,0.3496477520593829,Low,Low,LL,Low-low,-1.1371707405018507,-0.5479085677758225,0.5892621727260282,80,FALSE
Physical vs visual,143,Hume Park,Physical access,Visual access,0.36197380036503185,0,0.19230268372820103,0.3496477520593829,High,Low,HL,High-low,0.7887065654530043,-1.2648909544619915,2.053597519914996,13,FALSE
Physical vs visual,144,Park Site on South East False Creek (Hinge Park),Physical access,Visual access,0.660377358490566,0.04767721139194013,0.19230268372820103,0.3496477520593829,High,Low,HL,High-low,2.704087119519121,-1.1214313038797894,3.8255184233989104,1,TRUE
Physical vs visual,145,"Stanley Park (Seawall, Second Beach, Third Beach)",Physical access,Visual access,0.19939639383402316,0.8238764436860622,0.19230268372820103,0.3496477520593829,High,High,HH,High-high,-0.2548386421044577,1.214134627854055,1.4689732699585127,36,FALSE
Physical vs visual,146,Lost Lagoon,Physical access,Visual access,0.2722300960167836,0.1139162329600139,0.19230268372820103,0.3496477520593829,High,Low,HL,High-low,0.21266334653742963,-0.9221195863603956,1.1347829328978252,50,FALSE
Physical vs visual,147,Beaver Lake,Physical access,Visual access,0.0977648929411352,0,0.19230268372820103,0.3496477520593829,Low,Low,LL,Low-low,-0.9071867632649259,-1.2648909544619915,0.35770419119706565,89,FALSE
Visual vs haptic,2,Drummond Walk Dog off leash trail,Visual access,Haptic access,0.8455282390624564,0.5003188895500579,0.3496477520593829,0.37501999803951636,High,High,HH,High-high,1.2792843903609277,1.1890116585723027,0.09027273178862494,108,FALSE
Visual vs haptic,6,Burnaby Fraser Foreshore Park,Visual access,Haptic access,0.1727387037712925,0.4483612366536837,0.3496477520593829,0.37501999803951636,Low,High,LH,Low-high,-0.7451241022999676,0.7965577308697178,1.5416818331696853,24,FALSE
Visual vs haptic,7,Deer lake (lakefront),Visual access,Haptic access,0.994904881277802,0.4336513739797683,0.3496477520593829,0.37501999803951636,High,High,HH,High-high,1.7287553277693757,0.6854491056618492,1.0433062221075264,48,FALSE
Visual vs haptic,8,Burnaby Lake,Visual access,Haptic access,0.9712974466865992,0.5954530487497928,0.3496477520593829,0.37501999803951636,High,High,HH,High-high,1.6577210911032467,1.9075925096181054,0.24987141851485872,97,FALSE
Visual vs haptic,10,Kings Mill Walk Park,Visual access,Haptic access,0.3838644196125591,0.4889015301575931,0.3496477520593829,0.37501999803951636,High,High,HH,High-high,-0.10985159916389753,1.1027724370566307,1.2126240362205283,39,FALSE
Visual vs haptic,11,Waterfront Park,Visual access,Haptic access,0.24718921839253677,0.4029474922943135,0.3496477520593829,0.37501999803951636,Low,High,LH,Low-high,-0.5211041879340366,0.45353218310176396,0.9746363710358006,52,FALSE
Visual vs haptic,12,Lynnmouth Park (riverfront),Visual access,Haptic access,0.23778137184615797,0.2408339179939818,0.3496477520593829,0.37501999803951636,Low,Low,LL,Low-low,-0.5494121853791774,-0.7709671047117131,0.2215549193325358,100,FALSE
Visual vs haptic,13,Spanish Banks Beach Park and Extension,Visual access,Haptic access,0.8668715258411281,0.4735911039916032,0.3496477520593829,0.37501999803951636,High,High,HH,High-high,1.3435058574759609,0.9871275503326874,0.35637830714327345,88,FALSE
Visual vs haptic,14,Locarno Beach Park,Visual access,Haptic access,0.8507385951553779,0.4672293282945656,0.3496477520593829,0.37501999803951636,High,High,HH,High-high,1.2949622339821616,0.9390748820482913,0.35588735193387033,89,FALSE
Visual vs haptic,15,Jericho Beach Park,Visual access,Haptic access,0.9090480181924928,0.428966007317617,0.3496477520593829,0.37501999803951636,High,High,HH,High-high,1.4704139688956768,0.6500589283388792,0.8203550405567975,60,FALSE
Visual vs haptic,16,Kitsilano Beach Park,Visual access,Haptic access,0.909775933934774,0.4538454505503992,0.3496477520593829,0.37501999803951636,High,High,HH,High-high,1.4726042508981723,0.8379818746511875,0.6346223762469848,71,FALSE
Visual vs haptic,17,Sunset Beach Park,Visual access,Haptic access,0.4926248849324661,0.2302245053707456,0.3496477520593829,0.37501999803951636,High,Low,HL,High-low,0.21740618073614915,-0.8511036278704988,1.068509808606648,45,FALSE
Visual vs haptic,18,English Bay Beach Park,Visual access,Haptic access,0.8224692441534524,0.4478670719715088,0.3496477520593829,0.37501999803951636,High,High,HH,High-high,1.209900396292396,0.7928251359652053,0.41707526032719067,81,FALSE
Visual vs haptic,21,John Hendry (Trout Lake) Park,Visual access,Haptic access,0.9957585720577378,0.3768646327569235,0.3496477520593829,0.37501999803951636,High,High,HH,High-high,1.7313240640150431,0.2565194217366742,1.474804642278369,30,FALSE
Visual vs haptic,22,Don Roberts Park,Visual access,Haptic access,0.02929494707122,0.218635912644106,0.3496477520593829,0.37501999803951636,Low,Low,LL,Low-low,-1.1767431213995112,-0.9386362333403023,0.23810688805920888,98,FALSE
Visual vs haptic,24,Maquabeak Park,Visual access,Haptic access,9.0119552239862e-4,0.2255381754910144,0.3496477520593829,0.37501999803951636,Low,Low,LL,Low-low,-1.2621792775208478,-0.8865010807053791,0.37567819681546866,85,FALSE
Visual vs haptic,25,Coquitlam River Park,Visual access,Haptic access,0.02517318117251796,0.2376998042943838,0.3496477520593829,0.37501999803951636,Low,Low,LL,Low-low,-1.1891454217511084,-0.7946401377050789,0.39450528404602947,83,FALSE
Visual vs haptic,26,Captain's Cove Park,Visual access,Haptic access,0.1901267643171808,0.4904386836366176,0.3496477520593829,0.37501999803951636,Low,High,LH,Low-high,-0.692803821449041,1.114383083163529,1.80718690461257,11,FALSE
Visual vs haptic,31,Fred Gingell Park,Visual access,Haptic access,0.9274596394210974,0.1765514397363384,0.3496477520593829,0.37501999803951636,High,Low,HL,High-low,1.5258141206871463,-1.2565146548480413,2.7823287755351878,4,TRUE
Visual vs haptic,32,Panorama Park,Visual access,Haptic access,0.36100629616022367,0.1854360720881774,0.3496477520593829,0.37501999803951636,High,Low,HL,High-low,-0.17863117556318403,-1.1894059871484657,1.0107748115852817,50,FALSE
Visual vs haptic,33,Lowry Lane Waterfront Park,Visual access,Haptic access,0.4097418739805615,0.1242349835863439,0.3496477520593829,0.37501999803951636,High,Low,HL,High-low,-0.03198692433901727,-1.6516787462763938,1.6196918219373766,19,FALSE
Visual vs haptic,35,Deep Cove’s Parkside Beach,Visual access,Haptic access,0.28145191270613407,0.3576094092072767,0.3496477520593829,0.37501999803951636,Low,Low,LL,Low-low,-0.418008515793606,0.11107813080843158,0.5290866466020375,76,FALSE
Visual vs haptic,36,Seylynn Park,Visual access,Haptic access,0.07283055175947716,0.4256958616501052,0.3496477520593829,0.37501999803951636,Low,High,LH,Low-high,-1.0457454717022794,0.6253583993535877,1.671103871055867,15,FALSE
Visual vs haptic,37,Cates Park,Visual access,Haptic access,0.611667233034469,0.4674718574648135,0.3496477520593829,0.37501999803951636,High,High,HH,High-high,0.5756019133432202,0.9409067878434988,0.3653048745002786,87,FALSE
Visual vs haptic,38,Harbourview Park (riverfront),Visual access,Haptic access,0.20238943926572683,0.4618679973875835,0.3496477520593829,0.37501999803951636,Low,High,LH,Low-high,-0.6559057099202503,0.8985789155281174,1.5544846254483677,22,FALSE
Visual vs haptic,39,Bridgman Park,Visual access,Haptic access,0.13291859942219458,0.4134742373470605,0.3496477520593829,0.37501999803951636,Low,High,LH,Low-high,-0.864941895524219,0.5330442898190138,1.3979861853432327,34,FALSE
Visual vs haptic,40,Brookswood Pond,Visual access,Haptic access,0.09711835856889382,0.3691018714252767,0.3496477520593829,0.37501999803951636,Low,Low,LL,Low-low,-0.9726640104221013,0.19788462965900616,1.1705486400811074,40,FALSE
Visual vs haptic,42,Emmeline Mohun Park (riverfro,Visual access,Haptic access,0.11702113583433164,0.0566729442546991,0.3496477520593829,0.37501999803951636,Low,Low,LL,Low-low,-0.9127770038469267,-2.16199794318436,1.2492209393374332,35,FALSE
Visual vs haptic,43,Port Haney Wharf,Visual access,Haptic access,0.08257704590952554,0.1571681453958539,0.3496477520593829,0.37501999803951636,Low,Low,LL,Low-low,-1.0164184912781729,-1.4029233082741335,0.3865048169959606,84,FALSE
Visual vs haptic,44,"Pacific Spirit Regional Park (Acadia, Tower, and Wreck Beaches combined)",Visual access,Haptic access,0.8804355879191825,0.4921811536680055,0.3496477520593829,0.37501999803951636,High,High,HH,High-high,1.3843198134390384,1.1275445554318417,0.2567752580071967,95,FALSE
Visual vs haptic,46,Pitt River Regional Greenway at Harris Rd & fraser Way,Visual access,Haptic access,0.32729769981523127,0.4591115055774762,0.3496477520593829,0.37501999803951636,Low,High,LH,Low-high,-0.28005957945021587,0.8777581898553435,1.1578177693055594,41,FALSE
Visual vs haptic,49,Kanaka Creek Regional Park (riverfront) 1,Visual access,Haptic access,0.7213964349303852,0.5471659633586436,0.3496477520593829,0.37501999803951636,High,High,HH,High-high,0.9057745996868928,1.542863634030482,0.6370890343435892,70,FALSE
Visual vs haptic,50,Sapperton Landing Park,Visual access,Haptic access,0.6281889561523821,0.4593249743684154,0.3496477520593829,0.37501999803951636,High,High,HH,High-high,0.6253154044706057,0.8793705926637054,0.2540551881930997,96,FALSE
Visual vs haptic,53,Quayside Park,Visual access,Haptic access,0.33732903544335974,0.2011970508429465,0.3496477520593829,0.37501999803951636,Low,Low,LL,Low-low,-0.2498755174619054,-1.070357922581681,0.8204824051197757,59,FALSE
Visual vs haptic,54,Waterfront Esplanade and Park,Visual access,Haptic access,0.4232628440129343,0.4785500552403122,0.3496477520593829,0.37501999803951636,High,High,HH,High-high,0.008697368633380314,1.0245842056347072,1.015886837001327,49,FALSE
Visual vs haptic,55,Westminster Pier Park,Visual access,Haptic access,0.3789119434714681,0.4555515293195713,0.3496477520593829,0.37501999803951636,High,High,HH,High-high,-0.12475348784352185,0.8508684712660687,0.9756219591095905,51,FALSE
Visual vs haptic,56,Citadel Landing & Traboulay Trail,Visual access,Haptic access,0.23171159996754423,0.4682044552214449,0.3496477520593829,0.37501999803951636,Low,High,LH,Low-high,-0.5676759916588963,0.9464403493303793,1.5141163409892755,26,FALSE
Visual vs haptic,57,Dominion Park,Visual access,Haptic access,0.5037478612569574,0.3673542069920763,0.3496477520593829,0.37501999803951636,High,Low,HL,High-low,0.2508749648860413,0.18468392229673322,0.06619104258930805,110,FALSE
Visual vs haptic,58,Lions Park,Visual access,Haptic access,0.01939190871231405,0.3809284731848358,0.3496477520593829,0.37501999803951636,Low,High,LH,Low-high,-1.2065411398069166,0.28721499878037926,1.4937561385872957,27,FALSE
Visual vs haptic,59,Shaughnessy Park,Visual access,Haptic access,0.05707957444715885,0.4208569562959257,0.3496477520593829,0.37501999803951636,Low,High,LH,Low-high,-1.0931398061355087,0.5888084917621818,1.6819482978976903,14,FALSE
Visual vs haptic,61,Rocky  Point Park,Visual access,Haptic access,0.9266397676227408,0.4366821676054123,0.3496477520593829,0.37501999803951636,High,High,HH,High-high,1.5233471449920386,0.7083417267895245,0.8150054182025142,61,FALSE
Visual vs haptic,62,Old Orchard Park,Visual access,Haptic access,0.7216932304175284,0.3666580684301416,0.3496477520593829,0.37501999803951636,High,Low,HL,High-low,0.9066676505939586,0.17942574958055227,0.7272419010134064,66,FALSE
Visual vs haptic,63,Old Mill Site Park,Visual access,Haptic access,0.8281694292974966,0.5223079625000542,0.3496477520593829,0.37501999803951636,High,High,HH,High-high,1.227052124448139,1.3551026493061613,0.12805052485802237,105,FALSE
Visual vs haptic,64,Terra Nova Park 1,Visual access,Haptic access,0.6254963602717881,0.4547272012918913,0.3496477520593829,0.37501999803951636,High,High,HH,High-high,0.6172134443745421,0.8446420396598611,0.227428595285319,99,FALSE
Visual vs haptic,65,Tait Waterfront,Visual access,Haptic access,0.3613597052777643,0.4284135105929458,0.3496477520593829,0.37501999803951636,High,High,HH,High-high,-0.17756777552289746,0.6458857315612556,0.8234535070841531,58,FALSE
Visual vs haptic,67,Imperial Landing Park,Visual access,Haptic access,0.20140077341978524,0.2644781730298292,0.3496477520593829,0.37501999803951636,Low,Low,LL,Low-low,-0.6588805830862869,-0.5923739574245023,0.06650662566178467,109,FALSE
Visual vs haptic,68,North Arm Dyke (riverfront),Visual access,Haptic access,0.7665840885369889,0.5015644566348778,0.3496477520593829,0.37501999803951636,High,High,HH,High-high,1.041743227208779,1.1984198528883465,0.15667662567956753,103,FALSE
Visual vs haptic,70,Crescent Beach 1,Visual access,Haptic access,0.8298061623191196,0.4629178704636085,0.3496477520593829,0.37501999803951636,High,High,HH,High-high,1.23197701708601,0.9065089660463146,0.32546805103969545,91,FALSE
Visual vs haptic,72,Horseshoe Bay Park,Visual access,Haptic access,0.24949745200158027,0.1864068531694483,0.3496477520593829,0.37501999803951636,Low,Low,LL,Low-low,-0.5141587652184905,-1.182073345525027,0.6679145803065365,68,FALSE
Visual vs haptic,73,Centennial Seawalk,Visual access,Haptic access,0.9151971000252628,0.4121842553728704,0.3496477520593829,0.37501999803951636,High,High,HH,High-high,1.4889164170333982,0.5233006146486565,0.9656158023847417,53,FALSE
Visual vs haptic,74,West Bay Park,Visual access,Haptic access,0.29441868266752774,0.1798920709839532,0.3496477520593829,0.37501999803951636,Low,Low,LL,Low-low,-0.37899179829834156,-1.2312817241622152,0.8522899258638736,56,FALSE
Visual vs haptic,75,Erwin Park,Visual access,Haptic access,0.7621306780882022,0.1039783664515041,0.3496477520593829,0.37501999803951636,High,Low,HL,High-low,1.0283430159080387,-1.8046839055431267,2.8330269214511654,3,TRUE
Visual vs haptic,76,Caulfield Park 1,Visual access,Haptic access,0.8858782502270036,0.443108120431,0.3496477520593829,0.37501999803951636,High,High,HH,High-high,1.4006966612059555,0.7568791468816745,0.643817514324281,69,FALSE
Visual vs haptic,77,Gulf Beach Park,Visual access,Haptic access,0.48152760261646327,0.1438555349656413,0.3496477520593829,0.37501999803951636,High,Low,HL,High-low,0.18401470927658004,-1.5034780092674864,1.6874927185440665,13,FALSE
Visual vs haptic,78,Eagle Harbour Beach Park,Visual access,Haptic access,0.23269573455428225,0.3417536344629086,0.3496477520593829,0.37501999803951636,Low,Low,LL,Low-low,-0.5647147529493026,-0.008685960298712337,0.5560287926505902,73,FALSE
Visual vs haptic,79,Larson Bay Park,Visual access,Haptic access,0.35184533580897354,0.2110672311295975,0.3496477520593829,0.37501999803951636,High,Low,HL,High-low,-0.20619629803194323,-0.9958050741619419,0.7896087761299986,63,FALSE
Visual vs haptic,80,Bellevue Ave Park,Visual access,Haptic access,0.00267510010664751,0.0523855466428927,0.3496477520593829,0.37501999803951636,Low,Low,LL,Low-low,-1.2568416387539645,-2.1943821241197834,0.9375404853658189,55,FALSE
Visual vs haptic,82,Stearman Beach,Visual access,Haptic access,0.6579542162776447,0.3983636031202175,0.3496477520593829,0.37501999803951636,High,High,HH,High-high,0.7148783988738477,0.4189084999628194,0.2959698989110283,93,FALSE
Visual vs haptic,83,Parthenon Park (aka Balmy Beach),Visual access,Haptic access,0.16063474546672257,0.1495239911027529,0.3496477520593829,0.37501999803951636,Low,Low,LL,Low-low,-0.7815446390373298,-1.4606622208126827,0.6791175817753529,67,FALSE
Visual vs haptic,84,Whytecliff Park 1,Visual access,Haptic access,0.7657459265584321,0.5411825337904063,0.3496477520593829,0.37501999803951636,High,High,HH,High-high,1.039221216775187,1.497668743493954,0.4584475267187669,80,FALSE
Visual vs haptic,85,Altamont Beach Park,Visual access,Haptic access,0.734221872770708,0.2467757769127254,0.3496477520593829,0.37501999803951636,High,Low,HL,High-low,0.9443660520268992,-0.7260862115126616,1.6704522635395609,16,FALSE
Visual vs haptic,86,Sandy Cove Park,Visual access,Haptic access,0.5629040298758016,0.2080107489669978,0.3496477520593829,0.37501999803951636,High,Low,HL,High-low,0.4288745381009265,-1.0188917295976196,1.447766267698546,33,FALSE
Visual vs haptic,87,Kew Beach Park,Visual access,Haptic access,0.49721107697980765,0.2321379996446092,0.3496477520593829,0.37501999803951636,High,Low,HL,High-low,0.23120592886331665,-0.8366503509891909,1.0678562798525075,46,FALSE
Visual vs haptic,88,Garrow Bay Park,Visual access,Haptic access,0.311037213219169,0.0416632107493231,0.3496477520593829,0.37501999803951636,Low,Low,LL,Low-low,-0.32898701579272854,-2.2753715953718894,1.9463845795791608,9,FALSE
Visual vs haptic,89,Citrus Park,Visual access,Haptic access,1,0.0540373781473263,0.3496477520593829,0.37501999803951636,High,Low,HL,High-low,1.744086424748863,-2.181905275654154,3.925991700403017,1,TRUE
Visual vs haptic,90,Dundarave Park,Visual access,Haptic access,0.9406179805547256,0.3542904895691017,0.3496477520593829,0.37501999803951636,High,Low,HL,High-low,1.5654072715061733,0.08600919533652322,1.4793980761696501,29,FALSE
Visual vs haptic,91,Ambleside Park 1,Visual access,Haptic access,0.8880561058727884,0.3880084228761991,0.3496477520593829,0.37501999803951636,High,High,HH,High-high,1.4072497795793086,0.3406922809404077,1.0665574986389008,47,FALSE
Visual vs haptic,93,Memorial Park (including Totem Park parcel),Visual access,Haptic access,0.80919301099710494,0.4803714442291127,0.3496477520593829,0.37501999803951636,High,High,HH,High-high,1.1699525110438176,1.0383417797875398,0.13161073125627776,104,FALSE
Visual vs haptic,97,Maplewood Farm,Visual access,Haptic access,0.06315163322510865,0.4182397039302244,0.3496477520593829,0.37501999803951636,Low,High,LH,Low-high,-1.0748691186274189,0.5690394892485978,1.6439086078760168,17,FALSE
Visual vs haptic,98,Sutcliffe Park,Visual access,Haptic access,0.02944354655326294,0.1633572090129279,0.3496477520593829,0.37501999803951636,Low,Low,LL,Low-low,-1.1762959889194815,-1.3561751934167094,0.17987920449722794,102,FALSE
Visual vs haptic,99,Gladstone-Riverside Park,Visual access,Haptic access,0.6664439704168154,0.4386546470074087,0.3496477520593829,0.37501999803951636,High,High,HH,High-high,0.740423877033674,0.7232405385231845,0.017183338510489476,114,FALSE
Visual vs haptic,100,Kinross Corridor – South,Visual access,Haptic access,0.02845156120933686,0.2595816789940438,0.3496477520593829,0.37501999803951636,Low,Low,LL,Low-low,-1.179280850379864,-0.6293588520299005,0.5499219983499635,74,FALSE
Visual vs haptic,101,New Brighton Park,Visual access,Haptic access,0.34745016830979225,0.4252725458935311,0.3496477520593829,0.37501999803951636,Low,High,LH,Low-high,-0.21942125761482245,0.6221609506224596,0.841582208237282,57,FALSE
Visual vs haptic,102,David Lam Park,Visual access,Haptic access,0.2568757754612278,0.283031136173705,0.3496477520593829,0.37501999803951636,Low,Low,LL,Low-low,-0.4919575568319103,-0.45223707959329673,0.03972047723861355,112,FALSE
Visual vs haptic,103,Coopers' Park,Visual access,Haptic access,0.23211186939621284,0.2825931423000849,0.3496477520593829,0.37501999803951636,Low,Low,LL,Low-low,-0.5664715900024427,-0.45554539716404424,0.1109261928383985,106,FALSE
Visual vs haptic,104,Creekside Park,Visual access,Haptic access,0.5621929193675169,0.2733222287185214,0.3496477520593829,0.37501999803951636,High,Low,HL,High-low,0.4267348226673789,-0.5255717791434685,0.9523066018108475,54,FALSE
Visual vs haptic,105,Riverfront Park,Visual access,Haptic access,0.6196481664973181,0.2138277167557455,0.3496477520593829,0.37501999803951636,High,Low,HL,High-low,0.5996163615979201,-0.974954181830277,1.5745705434281971,21,FALSE
Visual vs haptic,106,Deering Island Park,Visual access,Haptic access,0.24362601938704495,0.3369290754771722,0.3496477520593829,0.37501999803951636,Low,Low,LL,Low-low,-0.5318257731391881,-0.04512750486119132,0.4866982682779968,78,FALSE
Visual vs haptic,108,Charleson Park,Visual access,Haptic access,0.53404762248454,0.458285114599974,0.3496477520593829,0.37501999803951636,High,High,HH,High-high,0.3420462610153275,0.8715161760833675,0.52946991506804,75,FALSE
Visual vs haptic,110,Hadden Park,Visual access,Haptic access,0.7956294510767172,0.3279058520646511,0.3496477520593829,0.37501999803951636,High,Low,HL,High-low,1.1291400660618,-0.11328299825586981,1.24242306431767,36,FALSE
Visual vs haptic,111,Vanier Park,Visual access,Haptic access,0.5785795191790821,0.4454690013461079,0.3496477520593829,0.37501999803951636,High,High,HH,High-high,0.47604173082255946,0.7747116881209809,0.29866995729842144,92,FALSE
Visual vs haptic,112,George Wainborn Park,Visual access,Haptic access,0.10920897328215436,0.4109809630528401,0.3496477520593829,0.37501999803951636,Low,High,LH,Low-high,-0.9362836242491465,0.5142117360938054,1.450495360342952,32,FALSE
Visual vs haptic,113,Habitat Island Park,Visual access,Haptic access,0.10527612819960272,0.5354324457108353,0.3496477520593829,0.37501999803951636,Low,High,LH,Low-high,-0.948117466138485,1.454236361050425,2.40235382718891,5,TRUE
Visual vs haptic,114,CRAB Park at Portside,Visual access,Haptic access,0.25782532193849594,0.3278107654631854,0.3496477520593829,0.37501999803951636,Low,Low,LL,Low-low,-0.4891003929613011,-0.11400121988708058,0.3750991730742205,86,FALSE
Visual vs haptic,115,Volunteer Park,Visual access,Haptic access,0.24727035493611935,0.197278463811733,0.3496477520593829,0.37501999803951636,Low,Low,LL,Low-low,-0.5208600499097693,-1.099956351027079,0.5790963011173096,72,FALSE
Visual vs haptic,116,LYNN CANYON PARK,Visual access,Haptic access,0.00192935046045704,0.4562419927823264,0.3496477520593829,0.37501999803951636,Low,High,LH,Low-high,-1.259085582569906,0.8560837780166218,2.115169360586528,7,FALSE
Visual vs haptic,118,Maple Ridge Park,Visual access,Haptic access,0.01466741870765499,0.3448119063249294,0.3496477520593829,0.37501999803951636,Low,Low,LL,Low-low,-1.2207570233592435,0.014414213348972506,1.235171236708216,38,FALSE
Visual vs haptic,119,Galette Park,Visual access,Haptic access,0.02707990077664832,0.3377746936107095,0.3496477520593829,0.37501999803951636,Low,Low,LL,Low-low,-1.1834081455937824,-0.038740261801826804,1.1446678837919555,42,FALSE
Visual vs haptic,120,Town Centre Park,Visual access,Haptic access,0.773819304708096,0.3872646102555562,0.3496477520593829,0.37501999803951636,High,High,HH,High-high,1.063513829001341,0.33507400974890006,0.7284398192524411,65,FALSE
Visual vs haptic,121,Como Lake Park,Visual access,Haptic access,0.9483420892338362,0.2894981662508613,0.3496477520593829,0.37501999803951636,High,Low,HL,High-low,1.5886489397961836,-0.40338938896699744,1.992038328763181,8,FALSE
Visual vs haptic,122,Oxley Street Park,Visual access,Haptic access,0.7530912451557595,0.0799761913993068,0.3496477520593829,0.37501999803951636,High,Low,HL,High-low,1.001143566693425,-1.985980545162835,2.98712411185626,2,TRUE
Visual vs haptic,123,Latimer Park,Visual access,Haptic access,0.02369782311371055,0.2236037658471934,0.3496477520593829,0.37501999803951636,Low,Low,LL,Low-low,-1.1935847407762963,-0.9011123385313901,0.2924724022449062,94,FALSE
Visual vs haptic,125,Seymour River Heritage Park,Visual access,Haptic access,0.05750992652887305,0.499072117968219,0.3496477520593829,0.37501999803951636,Low,High,LH,Low-high,-1.0918448864565342,1.179594366278201,2.2714392527347353,6,FALSE
Visual vs haptic,126,Capilano River Regional Park,Visual access,Haptic access,0.1428776877296237,0.3819841569456954,0.3496477520593829,0.37501999803951636,Low,High,LH,Low-high,-0.8349752240896016,0.2951889393890415,1.130164163478643,43,FALSE
Visual vs haptic,127,Klee Wyck Park - DNV,Visual access,Haptic access,0,0.3731753633221092,0.3496477520593829,0.37501999803951636,Low,Low,LL,Low-low,-1.2648909544619915,0.22865310754935644,1.493544062011348,28,FALSE
Visual vs haptic,128,Klee Wyck Park - DWV,Visual access,Haptic access,1.2081741271681e-4,0.2761907667253142,0.3496477520593829,0.37501999803951636,Low,Low,LL,Low-low,-1.2645274176001118,-0.5039047302146951,0.7606226873854167,64,FALSE
Visual vs haptic,129,Cross's Cabins,Visual access,Haptic access,0.01934493746211317,0.3860663840695575,0.3496477520593829,0.37501999803951636,Low,High,LH,Low-high,-1.2066824752362442,0.32602339743757897,1.5327058726738232,25,FALSE
Visual vs haptic,130,Davidson's Pool,Visual access,Haptic access,0.00289731745196696,0.2044062998383107,0.3496477520593829,0.37501999803951636,Low,Low,LL,Low-low,-1.25617299178863,-1.0461173669946493,0.21005562479398066,101,FALSE
Visual vs haptic,131,Coquitlam River Greenway and Natural Areas,Visual access,Haptic access,0.04888510228965477,0.4264449387198979,0.3496477520593829,0.37501999803951636,Low,High,LH,Low-high,-1.1177967874920116,0.6310164347305592,1.7488132222225707,12,FALSE
Visual vs haptic,132,Hockaday Park,Visual access,Haptic access,0,0.1207639179039188,0.3496477520593829,0.37501999803951636,Low,Low,LL,Low-low,-1.2648909544619915,-1.677896892871627,0.4130059384096354,82,FALSE
Visual vs haptic,134,Marina Park,Visual access,Haptic access,0.7075445695342936,0.4452438740529816,0.3496477520593829,0.37501999803951636,High,High,HH,High-high,0.8640946500501795,0.7730112246570774,0.0910834253931021,107,FALSE
Visual vs haptic,135,Bedford Channel Landing,Visual access,Haptic access,0.4419232382378495,0.3450862103922263,0.3496477520593829,0.37501999803951636,High,Low,HL,High-low,0.06484607274330709,0.016486125812188727,0.048359946931118364,111,FALSE
Visual vs haptic,136,Westwood Park,Visual access,Haptic access,0.06152625280036439,0.4496801680928085,0.3496477520593829,0.37501999803951636,Low,High,LH,Low-high,-1.0797598515580866,0.806520071252708,1.8862799228107945,10,FALSE
Visual vs haptic,137,Klootchman Park,Visual access,Haptic access,0.7847117988507498,0.4256048479206557,0.3496477520593829,0.37501999803951636,High,High,HH,High-high,1.096289097479773,0.6246709415180972,0.4716181559616758,79,FALSE
Visual vs haptic,138,John Lawson Park,Visual access,Haptic access,0.8508836575103951,0.2979938691398393,0.3496477520593829,0.37501999803951636,High,Low,HL,High-low,1.2953987233269835,-0.33921843855814465,1.6346171618851282,18,FALSE
Visual vs haptic,139,Elgin Heritage Park,Visual access,Haptic access,0.532183753635991,0.342367964280744,0.3496477520593829,0.37501999803951636,High,Low,HL,High-low,0.3364379218122279,-0.004045717014528984,0.3404836388267569,90,FALSE
Visual vs haptic,140,National Park,Visual access,Haptic access,0.00371044211317373,0.3409454365214969,0.3496477520593829,0.37501999803951636,Low,Low,LL,Low-low,-1.2537263180765803,-0.014790555845026792,1.2389357622315536,37,FALSE
Visual vs haptic,141,Deep Cove Park,Visual access,Haptic access,0.30910535459026633,0.3636504511827688,0.3496477520593829,0.37501999803951636,Low,Low,LL,Low-low,-0.33479993470693,0.1567081875668943,0.4915081222738243,77,FALSE
Visual vs haptic,142,Strathcona Park,Visual access,Haptic access,0.2382810823503789,0.0757436359590367,0.3496477520593829,0.37501999803951636,Low,Low,LL,Low-low,-0.5479085677758225,-2.0179504844144374,1.470041916638615,31,FALSE
Visual vs haptic,143,Hume Park,Visual access,Haptic access,0,0.3856141397148036,0.3496477520593829,0.37501999803951636,Low,High,LH,Low-high,-1.2648909544619915,0.32260744110755646,1.5874983955695479,20,FALSE
Visual vs haptic,144,Park Site on South East False Creek (Hinge Park),Visual access,Haptic access,0.04767721139194013,0.0895186357482314,0.3496477520593829,0.37501999803951636,Low,Low,LL,Low-low,-1.1214313038797894,-1.913903198403391,0.7924718945236016,62,FALSE
Visual vs haptic,145,"Stanley Park (Seawall, Second Beach, Third Beach)",Visual access,Haptic access,0.8238764436860622,0.4992180940839518,0.3496477520593829,0.37501999803951636,High,High,HH,High-high,1.214134627854055,1.1806969738206234,0.033437654033431574,113,FALSE
Visual vs haptic,146,Lost Lagoon,Visual access,Haptic access,0.1139162329600139,0.4264696809345809,0.3496477520593829,0.37501999803951636,Low,High,LH,Low-high,-0.9221195863603956,0.6312033211426871,1.5533229075030826,23,FALSE
Visual vs haptic,147,Beaver Lake,Visual access,Haptic access,0,0.3247986434274683,0.3496477520593829,0.37501999803951636,Low,Low,LL,Low-low,-1.2648909544619915,-0.1367528081082486,1.128138146353743,44,FALSE
