catchment_min,outcome,specification,family,N,term,estimate,std_error,statistic,p_value,conf_low,conf_high,inference,term_label,significance
5,pedestrian,controlled,SAR_lag,90,z_shelter,-0.32001244649560345,0.1123007619545274,-2.849601738456434,0.004377400334998338,-0.5401219399264772,-0.09990295306472977,SAR model-based,Principal accommodation expenditure,**
5,pedestrian,controlled,SAR_lag,90,z_low_income,0.03551741221370685,0.1177920940086212,0.3015262824948789,0.7630132114775321,-0.19535509204319068,0.2663899164706044,SAR model-based,Low-income residents (%),
5,pedestrian,controlled,SAR_lag,90,z_bachelors,0.17425850699820752,0.12814886107251358,1.3598131543252858,0.1738890586423032,-0.0769132607039191,0.4254302747003341,SAR model-based,Bachelor's degree or higher (%),
5,pedestrian,controlled,SAR_lag,90,z_visible_minority,0.044095690475142175,0.10478605609432046,0.42081639598545995,0.6738891580402613,-0.16128497946972592,0.24947636042001026,SAR model-based,Visible-minority residents (%),
5,pedestrian,controlled,SAR_lag,90,z_indigenous,-0.04082771539165392,0.09955537105896861,-0.41010057978158565,0.6817321674270465,-0.2359562426672324,0.15430081188392455,SAR model-based,Indigenous identity residents (%),
5,transit,controlled,OLS,90,z_shelter,-0.29508404884378886,0.1788283608349333,-1.650096480592163,0.10284429864316103,-0.6455876360802582,0.055419538392680434,HC3 robust,Principal accommodation expenditure,
5,transit,controlled,OLS,90,z_low_income,-0.0499729925977967,0.18012436662094577,-0.27743604896587926,0.7821609748245824,-0.4030167511748504,0.30307076597925703,HC3 robust,Low-income residents (%),
5,transit,controlled,OLS,90,z_bachelors,-0.16962928232761273,0.21330843090517318,-0.795230088223854,0.42883277887301774,-0.5877138069017521,0.24845524224652668,HC3 robust,Bachelor's degree or higher (%),
5,transit,controlled,OLS,90,z_visible_minority,-0.009873355337390784,0.14633133561364323,-0.06747259769062232,0.9463738249089266,-0.29668277314013153,0.2769360624653499,HC3 robust,Visible-minority residents (%),
5,transit,controlled,OLS,90,z_indigenous,-0.09789896684729499,0.13032385095823926,-0.7511976213676003,0.4547378478109496,-0.35333371472544395,0.15753578103085397,HC3 robust,Indigenous identity residents (%),
5,physical,controlled,OLS,90,z_shelter,-0.4251149457672538,0.20694929188587527,-2.054198600503976,0.04322200372601164,-0.8307355578635693,-0.01949433367093828,HC3 robust,Principal accommodation expenditure,*
5,physical,controlled,OLS,90,z_low_income,0.01676609296856715,0.17708871693642786,0.09467623493249387,0.9248087320674934,-0.33032779222683145,0.3638599781639657,HC3 robust,Low-income residents (%),
5,physical,controlled,OLS,90,z_bachelors,0.042178895757298544,0.18905153867463304,0.2231079210092571,0.8240202078315896,-0.32836212004498216,0.41271991155957927,HC3 robust,Bachelor's degree or higher (%),
5,physical,controlled,OLS,90,z_visible_minority,0.008662409221592407,0.14204307110523687,0.060984384202553615,0.9515237429643897,-0.26974201014467186,0.28706682858785665,HC3 robust,Visible-minority residents (%),
5,physical,controlled,OLS,90,z_indigenous,-0.08634836649795403,0.11545379300251225,-0.747904111700125,0.4567109494034597,-0.31263780078287806,0.13994106778696996,HC3 robust,Indigenous identity residents (%),
5,visual,controlled,SAR_lag,90,z_shelter,0.17606773144985982,0.10136029414614613,1.737048347511669,0.08237863739278684,-0.022598445076586593,0.37473390797630624,SAR model-based,Principal accommodation expenditure,
5,visual,controlled,SAR_lag,90,z_low_income,0.010847663393954465,0.10341054022102866,0.10489901097865631,0.9164559437643849,-0.19183699543926172,0.21353232222717064,SAR model-based,Low-income residents (%),
5,visual,controlled,SAR_lag,90,z_bachelors,-0.1456501026558889,0.11233842508018728,-1.2965296829817912,0.194793060449568,-0.36583341581305595,0.07453321050127817,SAR model-based,Bachelor's degree or higher (%),
5,visual,controlled,SAR_lag,90,z_visible_minority,0.0701591807693379,0.09444806306580064,0.7428334525024508,0.4575825195693355,-0.11495902283963134,0.25527738437830716,SAR model-based,Visible-minority residents (%),
5,visual,controlled,SAR_lag,90,z_indigenous,-0.009565905487665038,0.08973513934920162,-0.10660155605753954,0.9151050840659323,-0.1854467786121002,0.16631496763677014,SAR model-based,Indigenous identity residents (%),
5,haptic,controlled,OLS,90,z_shelter,0.10628811082315962,0.10733566317837358,0.9902404072961928,0.32504228152734116,-0.1040897890064526,0.31666601065277183,HC3 robust,Principal accommodation expenditure,
5,haptic,controlled,OLS,90,z_low_income,0.09470558090530896,0.09219218394424669,1.027262581853818,0.3073928724592709,-0.08599109962541455,0.27540226143603247,HC3 robust,Low-income residents (%),
5,haptic,controlled,OLS,90,z_bachelors,0.05605949113667863,0.10483119058310746,0.5347596533517962,0.5942992838091468,-0.149409642406212,0.2615286246795693,HC3 robust,Bachelor's degree or higher (%),
5,haptic,controlled,OLS,90,z_visible_minority,-0.023324168953440083,0.08408509514209096,-0.277387673927535,0.782197982552214,-0.18813095543193836,0.1414826175250582,HC3 robust,Visible-minority residents (%),
5,haptic,controlled,OLS,90,z_indigenous,0.05531542008142665,0.09631592919033163,0.5743122715674253,0.5673679023715514,-0.13346380113162334,0.24409464129447664,HC3 robust,Indigenous identity residents (%),
5,multidimensional,controlled,SAR_error,90,z_shelter,-0.005797208543413466,0.10189636188979204,-0.056893184760448544,0.9546302832945153,-0.20551407784740586,0.1939196607605789,SAR model-based,Principal accommodation expenditure,
5,multidimensional,controlled,SAR_error,90,z_low_income,0.08506866713566708,0.10395241766827627,0.8183423632063148,0.4131617227736233,-0.11867807149415441,0.2888154057654886,SAR model-based,Low-income residents (%),
5,multidimensional,controlled,SAR_error,90,z_bachelors,-0.027699045978717182,0.11531707681177357,-0.24019899519243781,0.8101759926033534,-0.2537205165297934,0.198322424572359,SAR model-based,Bachelor's degree or higher (%),
5,multidimensional,controlled,SAR_error,90,z_visible_minority,0.025793284066312046,0.0986360915898141,0.2614994537047903,0.7937073707473117,-0.1675334554497236,0.21912002358234767,SAR model-based,Visible-minority residents (%),
5,multidimensional,controlled,SAR_error,90,z_indigenous,-0.032276876449353877,0.09279313780145107,-0.3478368898184747,0.7279626834854032,-0.21415142654019798,0.14959767364149024,SAR model-based,Indigenous identity residents (%),
10,pedestrian,controlled,SAR_lag,105,z_shelter,-0.2831558877940918,0.10150548805601599,-2.789562349947342,0.0052779332830761305,-0.4821066443838831,-0.08420513120430045,SAR model-based,Principal accommodation expenditure,**
10,pedestrian,controlled,SAR_lag,105,z_low_income,0.08199302719117765,0.10700981057116127,0.7662197209166396,0.44354557603626943,-0.12774620152829844,0.29173225591065377,SAR model-based,Low-income residents (%),
10,pedestrian,controlled,SAR_lag,105,z_bachelors,0.15185591895660888,0.12660084093089202,1.1994858631271093,0.23033907846602797,-0.09628172926793949,0.39999356718115725,SAR model-based,Bachelor's degree or higher (%),
10,pedestrian,controlled,SAR_lag,105,z_visible_minority,-0.0014659962601591794,0.10263862297404933,-0.014283085817800138,0.988604133818545,-0.20263769728929584,0.1997057047689775,SAR model-based,Visible-minority residents (%),
10,pedestrian,controlled,SAR_lag,105,z_indigenous,-0.015788554270380065,0.09895050405896123,-0.15956011968339448,0.8732275962792506,-0.20973154222594406,0.17815443368518394,SAR model-based,Indigenous identity residents (%),
10,transit,controlled,SAR_error,105,z_shelter,-0.22158302389147533,0.10380869138568258,-2.1345324840694055,0.032799217500034006,-0.42504805900741316,-0.01811798877553747,SAR model-based,Principal accommodation expenditure,*
10,transit,controlled,SAR_error,105,z_low_income,0.2996504049888788,0.10176249506998108,2.9446055227204493,0.0032336665686700794,0.10019591465171587,0.49910489532604174,SAR model-based,Low-income residents (%),**
10,transit,controlled,SAR_error,105,z_bachelors,-0.01425550644145228,0.13166220862478445,-0.1082733351532794,0.913778873713446,-0.2723134353460298,0.24380242246312522,SAR model-based,Bachelor's degree or higher (%),
10,transit,controlled,SAR_error,105,z_visible_minority,4.044595457416528e-4,0.10764248184577775,0.0037574342286266936,0.9970020082951785,-0.21057480487198274,0.21138372396346602,SAR model-based,Visible-minority residents (%),
10,transit,controlled,SAR_error,105,z_indigenous,0.004749024388301056,0.1006466386864463,0.04718512660016523,0.9623656815720807,-0.1925183874371337,0.2020164362137358,SAR model-based,Indigenous identity residents (%),
10,physical,controlled,SAR_error,105,z_shelter,-0.28517656924171153,0.10141351767455536,-2.812017330439789,0.004923185066400437,-0.48394706388384,-0.08640607459958302,SAR model-based,Principal accommodation expenditure,**
10,physical,controlled,SAR_error,105,z_low_income,0.27504369506523496,0.0992006418909708,2.7725999532092676,0.005561043819833467,0.08061043695893219,0.4694769531715377,SAR model-based,Low-income residents (%),**
10,physical,controlled,SAR_error,105,z_bachelors,0.08462128825845515,0.12903206130675657,0.6558159840388761,0.5119425307053345,-0.1682815519027877,0.33752412841969803,SAR model-based,Bachelor's degree or higher (%),
10,physical,controlled,SAR_error,105,z_visible_minority,-0.017521841755775154,0.10526397656999192,-0.16645620208091383,0.8677979479353313,-0.2238392358329593,0.18879555232140902,SAR model-based,Visible-minority residents (%),
10,physical,controlled,SAR_error,105,z_indigenous,-0.012561303119491203,0.09827502158873096,-0.12781786171524573,0.8982931144040993,-0.20518034543340385,0.18005773919442147,SAR model-based,Indigenous identity residents (%),
10,visual,controlled,SAR_lag,105,z_shelter,0.0878446764317652,0.09540737859169644,0.920732523295746,0.3571900916163582,-0.09915378560795983,0.2748431384714902,SAR model-based,Principal accommodation expenditure,
10,visual,controlled,SAR_lag,105,z_low_income,-0.06831002070876123,0.09915966469622184,-0.6888891861225098,0.49089300507548783,-0.26266296351335605,0.12604292209583356,SAR model-based,Low-income residents (%),
10,visual,controlled,SAR_lag,105,z_bachelors,-0.030806869139200006,0.11712805430350819,-0.26301870480467193,0.7925361622007483,-0.26037785557407606,0.19876411729567603,SAR model-based,Bachelor's degree or higher (%),
10,visual,controlled,SAR_lag,105,z_visible_minority,0.106515331183574,0.09621609762477557,1.1070427279119497,0.26827545528098784,-0.0820682201609861,0.2950988825281341,SAR model-based,Visible-minority residents (%),
10,visual,controlled,SAR_lag,105,z_indigenous,0.08089838997686326,0.0936060621058921,0.8642430645714669,0.38745437970025476,-0.10256949175068526,0.2643662717044118,SAR model-based,Indigenous identity residents (%),
10,haptic,controlled,OLS,105,z_shelter,0.020224337130015143,0.09326333801632707,0.2168519544783459,0.8287887358877274,-0.1625718053819859,0.2030204796420162,HC3 robust,Principal accommodation expenditure,
10,haptic,controlled,OLS,105,z_low_income,0.015858049075906336,0.07856547154486426,0.20184501873511582,0.8404694788948395,-0.13813027515202764,0.16984637330384028,HC3 robust,Low-income residents (%),
10,haptic,controlled,OLS,105,z_bachelors,0.055695229157102025,0.12024388784443973,0.4631855319677894,0.644290749742871,-0.17998279101799985,0.2913732493322039,HC3 robust,Bachelor's degree or higher (%),
10,haptic,controlled,OLS,105,z_visible_minority,-0.0807669336285353,0.08188325014999362,-0.9863669734724324,0.32645860761778767,-0.24125810392252278,0.07972423666545218,HC3 robust,Visible-minority residents (%),
10,haptic,controlled,OLS,105,z_indigenous,0.06972571045302427,0.10411305546281013,0.6697114991302003,0.5046662529625614,-0.1343358782540836,0.2737872991601321,HC3 robust,Indigenous identity residents (%),
10,multidimensional,controlled,SAR_error,105,z_shelter,-0.07214943928882236,0.09007577726737447,-0.8009860306246279,0.4231397330382103,-0.2486979627328763,0.10439908415523158,SAR model-based,Principal accommodation expenditure,
10,multidimensional,controlled,SAR_error,105,z_low_income,0.13101307994723896,0.0895402316800732,1.4631755746997397,0.14341934248883526,-0.04448577414570451,0.3065119340401824,SAR model-based,Low-income residents (%),
10,multidimensional,controlled,SAR_error,105,z_bachelors,0.09401585721049212,0.11231990455128582,0.8370364770704022,0.4025720645974782,-0.1261311557100281,0.3141628701310123,SAR model-based,Bachelor's degree or higher (%),
10,multidimensional,controlled,SAR_error,105,z_visible_minority,0.012702692224136706,0.09277715211736437,0.13691616884367852,0.891097058306898,-0.16914052592589746,0.19454591037417085,SAR model-based,Visible-minority residents (%),
10,multidimensional,controlled,SAR_error,105,z_indigenous,0.07690964978954856,0.08760458809028292,0.8779180573315128,0.3799881890584562,-0.09479534286740596,0.24861464244650308,SAR model-based,Indigenous identity residents (%),
20,pedestrian,controlled,SAR_error,112,z_shelter,-0.49525812428269533,0.12948696764420334,-3.8247719696667577,1.3089318037828868e-4,-0.7490525808653339,-0.24146366770005678,SAR model-based,Principal accommodation expenditure,***
20,pedestrian,controlled,SAR_error,112,z_low_income,-0.07838069879788334,0.13029394320530197,-0.6015682453817535,0.5474615716031879,-0.3337568274802752,0.1769954298845085,SAR model-based,Low-income residents (%),
20,pedestrian,controlled,SAR_error,112,z_bachelors,0.34481612553204766,0.1326270406756249,2.599893081949919,0.00932528098034946,0.08486712580782285,0.6047651252562725,SAR model-based,Bachelor's degree or higher (%),**
20,pedestrian,controlled,SAR_error,112,z_visible_minority,0.07802843916671347,0.11626798874487927,0.6711085313252229,0.5021513924892043,-0.1498568187732499,0.3059136971066768,SAR model-based,Visible-minority residents (%),
20,pedestrian,controlled,SAR_error,112,z_indigenous,0.04920690887574171,0.08926091526774892,0.5512704942374793,0.581448261817548,-0.12574448504904617,0.22415830280052956,SAR model-based,Indigenous identity residents (%),
20,transit,controlled,SAR_error,112,z_shelter,-0.09442933078625422,0.1372004640098622,-0.6882581007850417,0.4912902618673325,-0.3633422402455841,0.17448357867307568,SAR model-based,Principal accommodation expenditure,
20,transit,controlled,SAR_error,112,z_low_income,0.2459295415837754,0.10858076252180711,2.2649457958483525,0.02351600599686421,0.033111247041033465,0.4587478361265173,SAR model-based,Low-income residents (%),*
20,transit,controlled,SAR_error,112,z_bachelors,-0.3164164096604049,0.14529057300577156,-2.1778178935796166,0.029419597185489366,-0.6011859327517172,-0.03164688656909265,SAR model-based,Bachelor's degree or higher (%),*
20,transit,controlled,SAR_error,112,z_visible_minority,-0.07593545106075998,0.11798112070580502,-0.6436237476512099,0.5198194470752431,-0.3071784476441378,0.15530754552261783,SAR model-based,Visible-minority residents (%),
20,transit,controlled,SAR_error,112,z_indigenous,-0.13587142130127774,0.07385717079857974,-1.8396510431170012,0.065819485393245,-0.2806314760664941,0.008888633463938561,SAR model-based,Indigenous identity residents (%),
20,physical,controlled,SAR_error,112,z_shelter,-0.26191190576838386,0.13894534974277253,-1.884999435053116,0.059429914090337155,-0.5342447912642181,0.010420979727450319,SAR model-based,Principal accommodation expenditure,
20,physical,controlled,SAR_error,112,z_low_income,0.15402463517439405,0.11370158303640228,1.3546393204137017,0.17553249935475956,-0.06883046757695441,0.3768797379257425,SAR model-based,Low-income residents (%),
20,physical,controlled,SAR_error,112,z_bachelors,-0.001086957081637801,0.14575309419518,-0.00745752320140965,0.9940498125287518,-0.2867630217041906,0.284589107540915,SAR model-based,Bachelor's degree or higher (%),
20,physical,controlled,SAR_error,112,z_visible_minority,-0.01694951165679644,0.12081842970426591,-0.1402891239216129,0.8884315571974857,-0.2537536338771576,0.21985461056356473,SAR model-based,Visible-minority residents (%),
20,physical,controlled,SAR_error,112,z_indigenous,-0.0447866527625764,0.0777184950882901,-0.57626762730927406,0.5644343006692596,-0.197114903135625,0.10754159761047219,SAR model-based,Indigenous identity residents (%),
20,visual,controlled,SAR_lag,112,z_shelter,0.06483235794223234,0.11891973502327359,0.5451774504000039,0.5856314788245984,-0.16825032270338391,0.29791503858784857,SAR model-based,Principal accommodation expenditure,
20,visual,controlled,SAR_lag,112,z_low_income,-0.16342329066177835,0.1262854099817343,-1.2940789493055107,0.1956381519446393,-0.41094269422597757,0.08409611290242086,SAR model-based,Low-income residents (%),
20,visual,controlled,SAR_lag,112,z_bachelors,-0.1139259421124632,0.12521515068799272,-0.9098415126803654,0.36290609823283604,-0.3593476374609289,0.13149575323600254,SAR model-based,Bachelor's degree or higher (%),
20,visual,controlled,SAR_lag,112,z_visible_minority,0.17343998496711624,0.105002758326689,1.651765989113376,0.09858226450038088,-0.0323654213531942,0.3792453912874267,SAR model-based,Visible-minority residents (%),
20,visual,controlled,SAR_lag,112,z_indigenous,-0.0070018671867747954,0.08661648666957161,-0.0808375801882363,0.9355711211845388,-0.17677018105913514,0.16276644668558557,SAR model-based,Indigenous identity residents (%),
20,haptic,controlled,OLS,112,z_shelter,0.008913144474270877,0.11873598152252503,0.07506692040592593,0.9403084966357202,-0.22380937930987815,0.24163566825841992,HC3 robust,Principal accommodation expenditure,
20,haptic,controlled,OLS,112,z_low_income,-0.03941818919403087,0.12302101461859288,-0.3204183392263566,0.7493067134342908,-0.2805393778464729,0.2017029994584112,HC3 robust,Low-income residents (%),
20,haptic,controlled,OLS,112,z_bachelors,0.0213979013536316,0.10892294234718922,0.1964499020364903,0.8446489203879601,-0.19209106564685927,0.23488686835412245,HC3 robust,Bachelor's degree or higher (%),
20,haptic,controlled,OLS,112,z_visible_minority,-0.036167720372521237,0.1036078968669471,-0.34908266132423954,0.7277468551360307,-0.23923919823173756,0.16690375748669506,HC3 robust,Visible-minority residents (%),
20,haptic,controlled,OLS,112,z_indigenous,-0.03186090531365099,0.1294017329482964,-0.24621699097632094,0.8060090655696349,-0.28548830189231195,0.22176649126500997,HC3 robust,Indigenous identity residents (%),
20,multidimensional,controlled,OLS,112,z_shelter,-0.10977758208738524,0.13045877070606876,-0.8414733750229837,0.40205128629453757,-0.36547677267128004,0.14592160849650954,HC3 robust,Principal accommodation expenditure,
20,multidimensional,controlled,OLS,112,z_low_income,-0.0510012015798978,0.16600794078888645,-0.3072214578262639,0.7593011784041598,-0.3763767655261152,0.2743743623663196,HC3 robust,Low-income residents (%),
20,multidimensional,controlled,OLS,112,z_bachelors,0.045378466247207934,0.16824612209991513,0.26971478261031984,0.7879245863012764,-0.2843839330686257,0.37514086556304155,HC3 robust,Bachelor's degree or higher (%),
20,multidimensional,controlled,OLS,112,z_visible_minority,0.16787746953470897,0.13797175928256117,1.2167524021412381,0.22650637378853325,-0.10254717865911092,0.4383021177285289,HC3 robust,Visible-minority residents (%),
20,multidimensional,controlled,OLS,112,z_indigenous,-0.014884577549541238,0.11105605977020735,-0.13402760353950785,0.893644841767685,-0.23255445469914765,0.2027852996000652,HC3 robust,Indigenous identity residents (%),
30,pedestrian,controlled,SAR_error,114,z_shelter,-0.3305719745057038,0.13160169093537005,-2.511912819327288,0.012007874911270644,-0.5885112887390291,-0.07263266027237852,SAR model-based,Principal accommodation expenditure,*
30,pedestrian,controlled,SAR_error,114,z_low_income,0.13291668505065493,0.14767734120577997,0.900047928581292,0.3680947450665739,-0.15653090371267378,0.42236427381398367,SAR model-based,Low-income residents (%),
30,pedestrian,controlled,SAR_error,114,z_bachelors,0.22000180963866736,0.13995632563492086,1.5719318768952746,0.1159663508480866,-0.054312588605777506,0.49431620788311226,SAR model-based,Bachelor's degree or higher (%),
30,pedestrian,controlled,SAR_error,114,z_visible_minority,-0.10230629469593831,0.12575666378393657,-0.8135258332847594,0.41591664120152294,-0.348789355712454,0.14417676632057735,SAR model-based,Visible-minority residents (%),
30,pedestrian,controlled,SAR_error,114,z_indigenous,-0.06676083056913198,0.09161684524000663,-0.7286960208490055,0.4661876274017538,-0.24632984723954499,0.11280818610128102,SAR model-based,Indigenous identity residents (%),
30,transit,controlled,SAR_lag,114,z_shelter,0.18014869652724702,0.07264073490654542,2.4799955115957175,0.01313840365454677,0.037772856110418,0.322524536944076,SAR model-based,Principal accommodation expenditure,*
30,transit,controlled,SAR_lag,114,z_low_income,0.4408454875542782,0.08476893653570228,5.200554655638585,1.986946773779863e-7,0.27469837194430174,0.6069926031642547,SAR model-based,Low-income residents (%),***
30,transit,controlled,SAR_lag,114,z_bachelors,-0.20361714606033732,0.0774307819005007,-2.629666665667761,0.008546862587916815,-0.3553814785853187,-0.051852813535355924,SAR model-based,Bachelor's degree or higher (%),**
30,transit,controlled,SAR_lag,114,z_visible_minority,-0.2314845825238296,0.06837735403595314,-3.3853983645245163,7.107502450611758e-4,-0.36550419643429777,-0.09746496861336146,SAR model-based,Visible-minority residents (%),***
30,transit,controlled,SAR_lag,114,z_indigenous,-0.12942145135231,0.05394188049941646,-2.3992758530861766,0.016427533906943292,-0.23514753713116626,-0.023695365573453753,SAR model-based,Indigenous identity residents (%),*
30,physical,controlled,SAR_error,114,z_shelter,0.04525903035239384,0.12089171050986026,0.374376623190408,0.7081241325012324,-0.19168872224693229,0.28220678295171997,SAR model-based,Principal accommodation expenditure,
30,physical,controlled,SAR_error,114,z_low_income,0.4174234439625358,0.11074049880058587,3.769383816070796,1.636510654068335e-4,0.20037206631338747,0.6344748216116841,SAR model-based,Low-income residents (%),***
30,physical,controlled,SAR_error,114,z_bachelors,-0.04529513930559764,0.13591423572530034,-0.33326265687977513,0.7389360252081825,-0.31168704132718633,0.22109676271599105,SAR model-based,Bachelor's degree or higher (%),
30,physical,controlled,SAR_error,114,z_visible_minority,-0.26513361278767494,0.10806116320897137,-2.4535513492016827,0.014145334211807636,-0.4769334926772588,-0.05333373289809107,SAR model-based,Visible-minority residents (%),*
30,physical,controlled,SAR_error,114,z_indigenous,-0.09857315670115045,0.06650817395917269,-1.4821209309048458,0.13830812039420937,-0.2289291776611289,0.03178286425882802,SAR model-based,Indigenous identity residents (%),
30,visual,controlled,SAR_lag,114,z_shelter,0.09927591670928053,0.11533164992968076,0.8607864083259918,0.38935569213594023,-0.12677411715289377,0.3253259505714548,SAR model-based,Principal accommodation expenditure,
30,visual,controlled,SAR_lag,114,z_low_income,-0.08871174139348913,0.13529975648658718,-0.6556681526790736,0.5120376642825561,-0.3538992641072,0.17647578132022174,SAR model-based,Low-income residents (%),
30,visual,controlled,SAR_lag,114,z_bachelors,-0.1443960624848657,0.1276672714724123,-1.1310342957871418,0.25804065678594945,-0.3946239145707938,0.10583178960106243,SAR model-based,Bachelor's degree or higher (%),
30,visual,controlled,SAR_lag,114,z_visible_minority,0.17117690579614722,0.11067251567378376,1.5466975224517807,0.1219362008192808,-0.04574122492446894,0.38809503651676336,SAR model-based,Visible-minority residents (%),
30,visual,controlled,SAR_lag,114,z_indigenous,-0.07606905258314664,0.08630136660443762,-0.8814350870225405,0.378082373768847,-0.24521973112784437,0.09308162596155109,SAR model-based,Indigenous identity residents (%),
30,haptic,controlled,OLS,114,z_shelter,0.04399515928601717,0.1000785850343994,0.4396061282330779,0.6611345375375346,-0.15215886738140566,0.24014918595343998,HC3 robust,Principal accommodation expenditure,
30,haptic,controlled,OLS,114,z_low_income,0.023120022982078447,0.12055790115493766,0.19177526118645047,0.8482921852959165,-0.21317346328159936,0.25941350924575624,HC3 robust,Low-income residents (%),
30,haptic,controlled,OLS,114,z_bachelors,0.012799540033333608,0.10980538271268098,0.11656568846743286,0.9074290281950819,-0.2024190100835211,0.2280180901501883,HC3 robust,Bachelor's degree or higher (%),
30,haptic,controlled,OLS,114,z_visible_minority,-0.027737174108814846,0.10515672146810975,-0.263769863890503,0.7924791953892746,-0.23384434818630997,0.17836999996868028,HC3 robust,Visible-minority residents (%),
30,haptic,controlled,OLS,114,z_indigenous,0.05747698717876439,0.0679280639430402,0.8461449339548472,0.39941460113438887,-0.07566201814959439,0.1906159925071232,HC3 robust,Indigenous identity residents (%),
30,multidimensional,controlled,OLS,114,z_shelter,-0.010932128779121333,0.11999006603372214,-0.0911086154086202,0.9275815387403374,-0.24611265820521674,0.22424840064697407,HC3 robust,Principal accommodation expenditure,
30,multidimensional,controlled,OLS,114,z_low_income,0.1021336754871486,0.1448500705757101,0.7050992455938465,0.4823246647912376,-0.18177246284124318,0.3860398138155404,HC3 robust,Low-income residents (%),
30,multidimensional,controlled,OLS,114,z_bachelors,0.008813165635632425,0.15958289825561464,0.05522625376508569,0.9560641687356849,-0.30396931494537227,0.32159564621663717,HC3 robust,Bachelor's degree or higher (%),
30,multidimensional,controlled,OLS,114,z_visible_minority,0.08874936126011208,0.13020132074699572,0.6816318048921166,0.4969869285123556,-0.16644522740399953,0.34394394992422367,HC3 robust,Visible-minority residents (%),
30,multidimensional,controlled,OLS,114,z_indigenous,-0.053754637844969415,0.11354347125990295,-0.47342781798456846,0.6369002412011762,-0.2762998415143792,0.16879056582444035,HC3 robust,Indigenous identity residents (%),
