park_num,PARK_NAME,MUNI,access_point_count,routing_origin_point_count,origin_node_count,avg_snap_distance_m,max_snap_distance_m,far_snap_count_gt_50m,reachable_node_count_30min,status,bus_stops_05min,bus_stops_10min,bus_stops_20min,bus_stops_30min
2,Drummond Walk Dog off leash trail,Burnaby,15,15,15,0.0,0.0,0,1892,success,2,5,7,11
6,Burnaby Fraser Foreshore Park,Burnaby,33,33,33,0.0,0.0,0,11938,success,10,19,47,104
7,Deer lake (lakefront),Burnaby,24,24,24,0.0,0.0,0,22156,success,8,28,79,162
8,Burnaby Lake,Burnaby,28,28,28,0.0,0.0,0,24248,success,6,21,93,222
10,Kings Mill Walk Park,North Vancouver - City,7,7,7,0.0,0.0,0,10624,success,2,2,60,110
11,Waterfront Park,North Vancouver - City,7,7,7,0.0,0.0,0,11741,success,19,36,77,125
12,Lynnmouth Park (riverfront),North Vancouver - City,14,14,14,0.0,0.0,0,10518,success,10,27,64,118
13,Spanish Banks Beach Park and Extension,Vancouver,26,26,26,0.0,0.01,0,10555,success,3,5,29,68
14,Locarno Beach Park,Vancouver,12,12,12,0.0,0.0,0,7323,success,6,12,35,60
15,Jericho Beach Park,Vancouver,13,13,13,0.0,0.0,0,9098,success,1,15,54,100
16,Kitsilano Beach Park,Vancouver,20,20,20,0.0,0.0,0,16140,success,8,20,63,166
17,Sunset Beach Park,Vancouver,26,26,26,0.0,0.0,0,23720,success,9,33,135,264
18,English Bay Beach Park,Vancouver,40,40,40,0.0,0.0,0,23604,success,19,35,109,220
21,John Hendry (Trout Lake) Park,Vancouver,20,20,20,0.0,0.0,0,23670,success,7,29,130,280
22,Don Roberts Park,Coquitlam,1,1,1,0.0,0.0,0,4070,success,0,8,16,27
24,Maquabeak Park,Coquitlam,6,6,6,0.0,0.0,0,6596,success,0,2,11,32
25,Coquitlam River Park,Coquitlam,28,28,28,0.0,0.0,0,36090,success,12,37,111,238
26,Captain's Cove Park,Delta,8,8,8,0.0,0.0,0,5782,success,5,24,39,66
31,Fred Gingell Park,Delta,2,2,2,0.0,0.0,0,1910,success,4,8,34,53
32,Panorama Park,North Vancouver - District,10,10,10,0.0,0.0,0,9633,success,3,5,11,36
33,Lowry Lane Waterfront Park,North Vancouver - District,1,1,1,0.0,0.0,0,9118,success,0,8,25,41
35,Deep Cove’s Parkside Beach,North Vancouver - District,2,2,2,0.0,0.0,0,8419,success,0,5,11,31
36,Seylynn Park,North Vancouver - District,19,19,19,0.0,0.0,0,10271,success,7,27,66,114
37,Cates Park,North Vancouver - District,19,19,19,0.0,0.0,0,7401,success,4,10,25,44
38,Harbourview Park (riverfront),North Vancouver - District,4,4,4,0.0,0.0,0,6954,success,2,8,32,82
39,Bridgman Park,North Vancouver - District,10,10,10,0.0,0.0,0,10685,success,9,24,67,119
40,Brookswood Pond,"Langley - Township
",8,8,8,0.0,0.0,0,2058,success,0,8,29,53
42,Emmeline Mohun Park (riverfro,Maple Ridge,1,1,1,0.0,0.0,0,2486,success,0,3,15,47
43,Port Haney Wharf,Maple Ridge,1,1,1,0.0,0.0,0,4194,success,7,21,69,101
44,"Pacific Spirit Regional Park (Acadia, Tower, and Wreck Beaches combined)",Metro Vancouver,6,6,6,0.0,0.0,0,15644,success,2,8,45,59
46,Pitt River Regional Greenway at Harris Rd & fraser Way,Metro Vancouver,9,9,9,0.0,0.0,0,2701,success,0,2,8,51
49,Kanaka Creek Regional Park (riverfront) 1,Metro Vancouver,16,16,16,0.0,0.0,0,6897,success,13,29,72,155
50,Sapperton Landing Park,New Westminster,19,19,19,0.0,0.0,0,19734,success,2,21,80,167
53,Quayside Park,New Westminster,4,4,4,0.0,0.0,0,8564,success,4,5,47,105
54,Waterfront Esplanade and Park,New Westminster,8,8,8,0.0,0.0,0,10351,success,13,23,62,124
55,Westminster Pier Park,New Westminster,3,3,3,0.0,0.0,0,13728,success,13,34,77,139
56,Citadel Landing & Traboulay Trail,Port Coquitlam,20,20,20,0.0,0.0,0,11448,success,6,16,36,72
57,Dominion Park,Port Coquitlam,2,2,2,0.0,0.0,0,6059,success,0,8,15,36
58,Lions Park,Port Coquitlam,8,8,8,0.0,0.0,0,28159,success,13,40,103,203
59,Shaughnessy Park,Port Coquitlam,17,17,17,0.0,0.0,0,33511,success,16,30,113,242
61,Rocky  Point Park,"Port Moody
",17,17,17,0.0,0.0,0,20798,success,14,49,109,166
62,Old Orchard Park,"Port Moody
",5,5,5,0.0,0.0,0,12869,success,4,11,49,107
63,Old Mill Site Park,"Port Moody
",6,6,6,0.0,0.0,0,15887,success,6,10,69,141
64,Terra Nova Park 1,Richmond,21,21,21,0.0,0.0,0,6749,success,0,2,12,24
65,Tait Waterfront,Richmond,8,8,8,0.0,0.0,0,11712,success,0,2,48,113
67,Imperial Landing Park,Richmond,15,15,15,0.0,0.0,0,12244,success,8,21,60,101
68,North Arm Dyke (riverfront),Richmond,9,9,9,0.0,0.0,0,17124,success,0,18,52,137
70,Crescent Beach 1,Surrey,18,18,18,0.0,0.0,0,2390,success,4,7,27,46
72,Horseshoe Bay Park,West Vancouver,9,9,9,0.85,4.74,0,3699,success,5,11,15,19
73,Centennial Seawalk,West Vancouver,13,13,13,0.0,0.0,0,8692,success,17,34,90,143
74,West Bay Park,West Vancouver,2,2,2,0.0,0.0,0,2364,success,5,10,33,58
75,Erwin Park,West Vancouver,1,1,1,0.0,0.0,0,2086,success,2,5,23,42
76,Caulfield Park 1,West Vancouver,6,6,6,0.0,0.0,0,3359,success,3,13,27,50
77,Gulf Beach Park,West Vancouver,1,1,1,0.0,0.0,0,2786,success,3,8,13,25
78,Eagle Harbour Beach Park,West Vancouver,3,3,3,0.11,0.15,0,2776,success,0,5,10,21
79,Larson Bay Park,West Vancouver,2,2,2,0.0,0.0,0,3576,success,0,4,17,23
80,Bellevue Ave Park,West Vancouver,1,1,1,0.06,0.06,0,5395,success,8,19,46,94
82,Stearman Beach,West Vancouver,1,1,1,0.0,0.0,0,2896,success,3,8,24,47
83,Parthenon Park (aka Balmy Beach),West Vancouver,1,1,1,0.0,0.0,0,1953,success,2,4,13,22
84,Whytecliff Park 1,West Vancouver,7,7,7,0.0,0.0,0,2886,success,0,0,9,17
85,Altamont Beach Park,West Vancouver,3,3,3,0.0,0.0,0,3011,success,4,14,43,66
86,Sandy Cove Park,West Vancouver,1,1,1,0.01,0.01,0,2104,success,8,11,24,50
87,Kew Beach Park,West Vancouver,1,1,1,0.0,0.0,0,2565,success,2,6,13,21
88,Garrow Bay Park,West Vancouver,1,1,1,0.0,0.0,0,3653,success,1,8,17,19
89,Citrus Park,West Vancouver,3,3,3,0.0,0.0,0,666,success,0,2,3,5
90,Dundarave Park,West Vancouver,16,16,16,0.0,0.0,0,6011,success,8,18,60,107
91,Ambleside Park 1,West Vancouver,34,34,34,0.0,0.0,0,8902,success,10,29,74,123
93,Memorial Park (including Totem Park parcel),White Rock,37,37,37,0.0,0.0,0,9963,success,30,51,121,171
97,Maplewood Farm,North Vancouver - District,20,20,20,0.0,0.0,0,8583,success,11,17,60,110
98,Sutcliffe Park,Vancouver,12,12,12,0.0,0.0,0,24628,success,9,25,118,269
99,Gladstone-Riverside Park,Vancouver,6,6,6,0.0,0.0,0,10186,success,5,11,42,91
100,Kinross Corridor – South,Vancouver,3,3,3,0.0,0.0,0,8189,success,0,6,29,77
101,New Brighton Park,Vancouver,7,7,7,0.0,0.0,0,9401,success,0,4,26,94
102,David Lam Park,Vancouver,19,19,19,0.0,0.0,0,26157,success,13,31,126,328
103,Coopers' Park,Vancouver,23,23,23,0.0,0.0,0,29365,success,7,36,207,362
104,Creekside Park,Vancouver,16,16,16,0.0,0.0,0,28686,success,17,53,206,364
105,Riverfront Park,Vancouver,8,8,8,0.0,0.0,0,10861,success,5,10,37,99
106,Deering Island Park,Vancouver,2,2,2,0.0,0.0,0,2956,success,0,0,0,24
108,Charleson Park,Vancouver,15,15,15,0.0,0.0,0,28499,success,5,25,109,301
110,Hadden Park,Vancouver,6,6,6,0.0,0.0,0,14234,success,0,6,35,147
111,Vanier Park,Vancouver,9,9,9,0.0,0.0,0,18696,success,0,3,77,206
112,George Wainborn Park,Vancouver,13,13,13,0.0,0.0,0,26026,success,7,32,130,306
113,Habitat Island Park,Vancouver,7,7,7,0.0,0.0,0,26891,success,1,14,133,336
114,CRAB Park at Portside,Vancouver,6,6,6,0.0,0.0,0,17369,success,2,33,165,256
115,Volunteer Park,Vancouver,1,1,1,0.0,0.0,0,11142,success,6,17,57,108
116,LYNN CANYON PARK,North Vancouver - District,14,14,14,0.0,0.0,0,12062,success,7,32,77,144
118,Maple Ridge Park,Maple Ridge,8,8,8,0.0,0.0,0,6015,success,9,13,31,47
119,Galette Park,Coquitlam,2,2,2,0.0,0.0,0,6220,success,0,0,9,37
120,Town Centre Park,Coquitlam,25,25,25,0.0,0.0,0,32194,success,19,43,107,187
121,Como Lake Park,Coquitlam,15,15,15,0.0,0.0,0,15785,success,6,24,71,145
122,Oxley Street Park,West Vancouver,1,1,1,0.0,0.0,0,2094,success,3,8,28,52
123,Latimer Park,Surrey,12,12,12,0.0,0.0,0,4067,success,4,7,18,33
125,Seymour River Heritage Park,North Vancouver - District,3,3,3,0.0,0.0,0,11907,success,1,9,53,108
126,Capilano River Regional Park,Metro Vancouver,11,11,11,0.0,0.0,0,14521,success,6,18,71,145
127,Klee Wyck Park - DNV,North Vancouver - District,1,1,1,0.0,0.0,0,11269,success,1,5,38,110
128,Klee Wyck Park - DWV,West Vancouver,1,1,1,0.0,0.0,0,12074,success,1,7,46,123
129,Cross's Cabins,Maple Ridge,6,6,6,0.0,0.0,0,3565,success,1,2,13,20
130,Davidson's Pool,Maple Ridge,1,1,1,0.58,0.58,0,2168,success,0,0,11,28
131,Coquitlam River Greenway and Natural Areas,Coquitlam,2,2,2,0.0,0.0,0,16122,success,4,9,45,96
132,Hockaday Park,Coquitlam,2,2,2,0.0,0.0,0,8562,success,0,2,15,53
134,Marina Park,Langley - Township,2,2,2,0.0,0.0,0,3458,success,0,3,12,18
135,Bedford Channel Landing,Langley - Township,7,7,7,0.0,0.0,0,3517,success,0,0,8,16
136,Westwood Park,Port Coquitlam,11,11,11,0.0,0.0,0,34632,success,8,23,112,238
137,Klootchman Park,West Vancouver,1,1,1,0.0,0.0,0,2548,success,3,8,15,28
138,John Lawson Park,West Vancouver,8,8,8,0.0,0.0,0,7646,success,9,19,61,121
139,Elgin Heritage Park,Surrey,4,4,4,0.0,0.0,0,3561,success,2,8,14,28
140,National Park,Canada - federal,1,1,1,0.68,0.68,0,3155,success,0,2,10,16
141,Deep Cove Park,North Vancouver - District,13,13,13,0.0,0.0,0,9501,success,4,5,12,38
142,Strathcona Park,North Vancouver - District,1,1,1,0.0,0.0,0,8224,success,0,0,18,39
143,Hume Park,New Westminster,11,11,11,0.0,0.0,0,22452,success,3,25,83,173
144,Park Site on South East False Creek (Hinge Park),Vancouver,13,13,13,0.0,0.0,0,26514,success,1,17,126,329
145,"Stanley Park (Seawall, Second Beach, Third Beach)",Vancouver,99,99,99,0.0,0.0,0,16903,success,1,12,43,111
146,Lost Lagoon,Vancouver,30,30,30,0.0,0.0,0,14592,success,8,18,53,158
147,Beaver Lake,Vancouver,12,12,12,0.0,0.0,0,9716,success,0,3,11,36
